Land_ID,Farmer_ID,Land_Name,Area_Acres,Soil_Type,Irrigation_Type
1,1,Farm-1,9.63,Sandy,Sprinkler
2,1,Farm-2,8.69,Loamy,Rain-fed
3,2,Farm-3,1.74,Red,Sprinkler
4,2,Farm-4,4.21,Clay,Drip
5,3,Farm-5,5.8,Red,Sprinkler
6,3,Farm-6,3.06,Red,Sprinkler
7,4,Farm-7,5.18,Clay,Canal
8,4,Farm-8,5.95,Sandy,Rain-fed
9,5,Farm-9,10.49,Black,Rain-fed
10,5,Farm-10,3.84,Clay,Drip
11,6,Farm-11,6.52,Loamy,Borewell
12,6,Farm-12,5.76,Clay,Rain-fed
13,7,Farm-13,10.68,Black,Rain-fed
14,7,Farm-14,8.05,Sandy,Canal
15,8,Farm-15,11.16,Loamy,Sprinkler
16,8,Farm-16,5.51,Loamy,Sprinkler
17,9,Farm-17,4.57,Red,Sprinkler
18,9,Farm-18,11.03,Sandy,Rain-fed
19,10,Farm-19,7.73,Sandy,Drip
20,10,Farm-20,2.91,Black,Borewell
21,11,Farm-21,10.6,Red,Canal
22,11,Farm-22,4.02,Sandy,Rain-fed
23,12,Farm-23,5.12,Loamy,Rain-fed
24,12,Farm-24,9.28,Red,Rain-fed
25,13,Farm-25,9.01,Clay,Canal
26,13,Farm-26,8.01,Loamy,Sprinkler
27,14,Farm-27,5.13,Red,Sprinkler
28,14,Farm-28,7.34,Red,Rain-fed
29,15,Farm-29,5.02,Clay,Drip
30,15,Farm-30,1.76,Sandy,Canal
31,16,Farm-31,7.42,Red,Rain-fed
32,16,Farm-32,8.27,Sandy,Rain-fed
33,17,Farm-33,7.96,Loamy,Borewell
34,17,Farm-34,6.58,Red,Sprinkler
35,18,Farm-35,3.75,Black,Rain-fed
36,18,Farm-36,9.04,Clay,Rain-fed
37,19,Farm-37,7.19,Loamy,Canal
38,19,Farm-38,9.95,Clay,Sprinkler
39,20,Farm-39,4.28,Clay,Drip
40,20,Farm-40,3.6,Black,Rain-fed
41,21,Farm-41,10.9,Red,Borewell
42,21,Farm-42,1.84,Clay,Drip
43,22,Farm-43,8.34,Clay,Rain-fed
44,22,Farm-44,2.68,Sandy,Sprinkler
45,23,Farm-45,4.98,Loamy,Borewell
46,23,Farm-46,4.57,Red,Drip
47,24,Farm-47,2.37,Clay,Rain-fed
48,24,Farm-48,4.57,Red,Sprinkler
49,25,Farm-49,5.08,Loamy,Sprinkler
50,25,Farm-50,3.05,Loamy,Drip
51,26,Farm-51,9.97,Red,Sprinkler
52,26,Farm-52,9.35,Loamy,Borewell
53,27,Farm-53,8.86,Red,Borewell
54,27,Farm-54,1.72,Black,Sprinkler
55,28,Farm-55,8.39,Sandy,Drip
56,28,Farm-56,8.03,Clay,Borewell
57,29,Farm-57,4.68,Loamy,Borewell
58,29,Farm-58,10.27,Clay,Canal
59,30,Farm-59,5.89,Red,Sprinkler
60,30,Farm-60,4.32,Loamy,Borewell
61,31,Farm-61,8.75,Black,Drip
62,31,Farm-62,8.95,Black,Borewell
63,32,Farm-63,9.37,Sandy,Sprinkler
64,32,Farm-64,9.97,Red,Canal
65,33,Farm-65,11.85,Clay,Borewell
66,33,Farm-66,10.65,Clay,Borewell
67,34,Farm-67,7,Red,Sprinkler
68,34,Farm-68,6.48,Red,Borewell
69,35,Farm-69,7.58,Loamy,Rain-fed
70,35,Farm-70,11.81,Red,Drip
71,36,Farm-71,4.59,Clay,Sprinkler
72,36,Farm-72,4.21,Loamy,Rain-fed
73,37,Farm-73,9.82,Sandy,Drip
74,37,Farm-74,4.14,Red,Borewell
75,38,Farm-75,3.02,Loamy,Sprinkler
76,38,Farm-76,5.38,Clay,Canal
77,39,Farm-77,4.26,Loamy,Borewell
78,39,Farm-78,2.61,Red,Sprinkler
79,40,Farm-79,2.28,Sandy,Drip
80,40,Farm-80,11.6,Black,Sprinkler
81,41,Farm-81,9.36,Red,Sprinkler
82,41,Farm-82,8.07,Red,Sprinkler
83,42,Farm-83,9.41,Sandy,Sprinkler
84,42,Farm-84,3.8,Clay,Drip
85,43,Farm-85,4.63,Black,Drip
86,43,Farm-86,9.77,Black,Sprinkler
87,44,Farm-87,1.26,Black,Sprinkler
88,44,Farm-88,1.15,Black,Drip
89,45,Farm-89,3.33,Clay,Sprinkler
90,45,Farm-90,4.77,Sandy,Drip
91,46,Farm-91,5.7,Clay,Borewell
92,46,Farm-92,11.17,Red,Sprinkler
93,47,Farm-93,5.03,Sandy,Canal
94,47,Farm-94,4.78,Sandy,Sprinkler
95,48,Farm-95,7.18,Red,Rain-fed
96,48,Farm-96,4.63,Loamy,Drip
97,49,Farm-97,10.74,Sandy,Canal
98,49,Farm-98,3.59,Loamy,Drip
99,50,Farm-99,1.37,Sandy,Drip
100,50,Farm-100,2.44,Red,Sprinkler
101,51,Farm-101,10.47,Black,Canal
102,51,Farm-102,3.12,Loamy,Rain-fed
103,52,Farm-103,6.69,Red,Drip
104,52,Farm-104,1.5,Black,Canal
105,53,Farm-105,1.94,Black,Canal
106,53,Farm-106,6.34,Sandy,Borewell
107,54,Farm-107,10.77,Clay,Borewell
108,54,Farm-108,7.85,Red,Drip
109,55,Farm-109,4.34,Sandy,Sprinkler
110,55,Farm-110,6.17,Red,Sprinkler
111,56,Farm-111,9.64,Loamy,Sprinkler
112,56,Farm-112,1.22,Red,Rain-fed
113,57,Farm-113,3.2,Sandy,Borewell
114,57,Farm-114,11.35,Clay,Rain-fed
115,58,Farm-115,9.52,Loamy,Borewell
116,58,Farm-116,9.41,Black,Drip
117,59,Farm-117,2.13,Sandy,Sprinkler
118,59,Farm-118,4.98,Clay,Rain-fed
119,60,Farm-119,2.15,Sandy,Canal
120,60,Farm-120,4.27,Red,Rain-fed
121,61,Farm-121,6.19,Black,Sprinkler
122,61,Farm-122,9.97,Clay,Drip
123,62,Farm-123,6.38,Clay,Drip
124,62,Farm-124,10.45,Sandy,Rain-fed
125,63,Farm-125,3.07,Clay,Canal
126,63,Farm-126,6.81,Clay,Borewell
127,64,Farm-127,2.39,Sandy,Rain-fed
128,64,Farm-128,5.82,Sandy,Sprinkler
129,65,Farm-129,4.03,Clay,Rain-fed
130,65,Farm-130,11.16,Black,Borewell
131,66,Farm-131,1.45,Loamy,Rain-fed
132,66,Farm-132,11.94,Loamy,Drip
133,67,Farm-133,2.61,Sandy,Sprinkler
134,67,Farm-134,2.44,Red,Sprinkler
135,68,Farm-135,11.41,Clay,Rain-fed
136,68,Farm-136,5.61,Clay,Borewell
137,69,Farm-137,11.98,Clay,Rain-fed
138,69,Farm-138,11.49,Clay,Rain-fed
139,70,Farm-139,8.65,Red,Rain-fed
140,70,Farm-140,2.92,Sandy,Rain-fed
141,71,Farm-141,9.82,Loamy,Borewell
142,71,Farm-142,10.64,Red,Sprinkler
143,72,Farm-143,3.93,Loamy,Canal
144,72,Farm-144,6.06,Black,Borewell
145,73,Farm-145,2.08,Sandy,Borewell
146,73,Farm-146,6.64,Sandy,Drip
147,74,Farm-147,2.51,Clay,Sprinkler
148,74,Farm-148,3.54,Loamy,Canal
149,75,Farm-149,1.52,Loamy,Canal
150,75,Farm-150,2.02,Red,Rain-fed
151,76,Farm-151,10.56,Loamy,Rain-fed
152,76,Farm-152,4.32,Loamy,Drip
153,77,Farm-153,7.1,Sandy,Rain-fed
154,77,Farm-154,9.53,Loamy,Canal
155,78,Farm-155,4.78,Loamy,Sprinkler
156,78,Farm-156,11.76,Clay,Drip
157,79,Farm-157,5.85,Clay,Sprinkler
158,79,Farm-158,8.13,Sandy,Borewell
159,80,Farm-159,7.19,Clay,Sprinkler
160,80,Farm-160,7.48,Red,Borewell
161,81,Farm-161,9.33,Sandy,Canal
162,81,Farm-162,2.42,Red,Rain-fed
163,82,Farm-163,1.74,Loamy,Borewell
164,82,Farm-164,6.71,Sandy,Rain-fed
165,83,Farm-165,2.62,Black,Sprinkler
166,83,Farm-166,4.27,Sandy,Canal
167,84,Farm-167,5.85,Black,Canal
168,84,Farm-168,5.35,Red,Drip
169,85,Farm-169,7.51,Black,Canal
170,85,Farm-170,3.63,Clay,Drip
171,86,Farm-171,10.61,Black,Rain-fed
172,86,Farm-172,8.41,Clay,Drip
173,87,Farm-173,10.2,Loamy,Rain-fed
174,87,Farm-174,3.8,Red,Rain-fed
175,88,Farm-175,5.26,Loamy,Drip
176,88,Farm-176,9.78,Black,Canal
177,89,Farm-177,4.84,Red,Drip
178,89,Farm-178,11.65,Red,Drip
179,90,Farm-179,1.75,Red,Borewell
180,90,Farm-180,6.21,Sandy,Drip
181,91,Farm-181,2.1,Sandy,Canal
182,91,Farm-182,5.63,Loamy,Borewell
183,92,Farm-183,11.22,Clay,Borewell
184,92,Farm-184,3.52,Black,Drip
185,93,Farm-185,7.3,Black,Canal
186,93,Farm-186,5.84,Loamy,Borewell
187,94,Farm-187,4.64,Clay,Sprinkler
188,94,Farm-188,10.59,Clay,Canal
189,95,Farm-189,3.75,Sandy,Drip
190,95,Farm-190,8.02,Black,Canal
191,96,Farm-191,5.93,Black,Borewell
192,96,Farm-192,3.26,Black,Borewell
193,97,Farm-193,7.8,Sandy,Sprinkler
194,97,Farm-194,3.8,Sandy,Sprinkler
195,98,Farm-195,5.91,Loamy,Sprinkler
196,98,Farm-196,3.88,Red,Drip
197,99,Farm-197,10.99,Loamy,Borewell
198,99,Farm-198,3.12,Loamy,Drip
199,100,Farm-199,8.98,Loamy,Rain-fed
200,100,Farm-200,10,Black,Rain-fed
201,101,Farm-201,10.38,Red,Drip
202,101,Farm-202,9.52,Clay,Rain-fed
203,102,Farm-203,10.09,Black,Drip
204,102,Farm-204,11.76,Sandy,Sprinkler
205,103,Farm-205,8.5,Red,Sprinkler
206,103,Farm-206,10.09,Loamy,Sprinkler
207,104,Farm-207,11.98,Red,Borewell
208,104,Farm-208,6.79,Loamy,Drip
209,105,Farm-209,2.95,Black,Borewell
210,105,Farm-210,3.92,Red,Drip
211,106,Farm-211,1.76,Black,Canal
212,106,Farm-212,3.33,Black,Borewell
213,107,Farm-213,6.49,Sandy,Drip
214,107,Farm-214,11.84,Black,Sprinkler
215,108,Farm-215,8.45,Clay,Borewell
216,108,Farm-216,8.19,Clay,Borewell
217,109,Farm-217,1.49,Loamy,Borewell
218,109,Farm-218,3.84,Sandy,Canal
219,110,Farm-219,10.04,Sandy,Rain-fed
220,110,Farm-220,3.12,Red,Borewell
221,111,Farm-221,9.29,Black,Rain-fed
222,111,Farm-222,1.51,Black,Sprinkler
223,112,Farm-223,11.9,Clay,Rain-fed
224,112,Farm-224,8.18,Black,Borewell
225,113,Farm-225,4.27,Clay,Drip
226,113,Farm-226,11.47,Sandy,Sprinkler
227,114,Farm-227,4.1,Black,Borewell
228,114,Farm-228,1.95,Clay,Canal
229,115,Farm-229,7.74,Black,Borewell
230,115,Farm-230,3.05,Red,Sprinkler
231,116,Farm-231,11.24,Loamy,Drip
232,116,Farm-232,10.52,Sandy,Borewell
233,117,Farm-233,4.25,Sandy,Canal
234,117,Farm-234,7.08,Clay,Drip
235,118,Farm-235,5.05,Sandy,Rain-fed
236,118,Farm-236,2.49,Red,Borewell
237,119,Farm-237,6.15,Clay,Sprinkler
238,119,Farm-238,10.14,Clay,Sprinkler
239,120,Farm-239,10.2,Clay,Borewell
240,120,Farm-240,1.66,Loamy,Drip
241,121,Farm-241,4.35,Clay,Borewell
242,121,Farm-242,8.55,Red,Drip
243,122,Farm-243,6.97,Black,Sprinkler
244,122,Farm-244,2.93,Red,Drip
245,123,Farm-245,5.9,Loamy,Drip
246,123,Farm-246,4.33,Loamy,Borewell
247,124,Farm-247,4.56,Loamy,Rain-fed
248,124,Farm-248,5.07,Clay,Borewell
249,125,Farm-249,4.63,Red,Canal
250,125,Farm-250,9.42,Sandy,Borewell
251,126,Farm-251,9.66,Sandy,Canal
252,126,Farm-252,7.24,Sandy,Canal
253,127,Farm-253,2.67,Black,Sprinkler
254,127,Farm-254,10.5,Clay,Borewell
255,128,Farm-255,2.08,Loamy,Rain-fed
256,128,Farm-256,9.76,Black,Sprinkler
257,129,Farm-257,1.61,Black,Canal
258,129,Farm-258,5.09,Black,Drip
259,130,Farm-259,11.16,Red,Rain-fed
260,130,Farm-260,8.18,Clay,Sprinkler
261,131,Farm-261,4.34,Sandy,Canal
262,131,Farm-262,9.2,Clay,Sprinkler
263,132,Farm-263,8.82,Sandy,Rain-fed
264,132,Farm-264,8.52,Black,Borewell
265,133,Farm-265,7.11,Black,Rain-fed
266,133,Farm-266,4.01,Clay,Sprinkler
267,134,Farm-267,7.91,Loamy,Rain-fed
268,134,Farm-268,1.43,Sandy,Sprinkler
269,135,Farm-269,7.09,Sandy,Drip
270,135,Farm-270,5.51,Sandy,Borewell
271,136,Farm-271,1.99,Loamy,Canal
272,136,Farm-272,8.48,Red,Borewell
273,137,Farm-273,9.87,Clay,Drip
274,137,Farm-274,1.57,Clay,Drip
275,138,Farm-275,9.29,Loamy,Rain-fed
276,138,Farm-276,6.84,Loamy,Drip
277,139,Farm-277,10.37,Sandy,Rain-fed
278,139,Farm-278,11.65,Black,Canal
279,140,Farm-279,11.57,Loamy,Sprinkler
280,140,Farm-280,4.35,Red,Canal
281,141,Farm-281,5,Loamy,Borewell
282,141,Farm-282,5.96,Sandy,Borewell
283,142,Farm-283,9.85,Sandy,Sprinkler
284,142,Farm-284,11.56,Clay,Rain-fed
285,143,Farm-285,7.07,Sandy,Drip
286,143,Farm-286,1.1,Red,Rain-fed
287,144,Farm-287,5.1,Clay,Rain-fed
288,144,Farm-288,1.5,Clay,Rain-fed
289,145,Farm-289,1.84,Sandy,Rain-fed
290,145,Farm-290,4.54,Black,Rain-fed
291,146,Farm-291,8.12,Red,Borewell
292,146,Farm-292,10.22,Sandy,Rain-fed
293,147,Farm-293,7.38,Sandy,Borewell
294,147,Farm-294,6.93,Red,Drip
295,148,Farm-295,10.09,Clay,Rain-fed
296,148,Farm-296,2.36,Black,Drip
297,149,Farm-297,6.96,Loamy,Drip
298,149,Farm-298,3.44,Loamy,Sprinkler
299,150,Farm-299,1.26,Black,Sprinkler
300,150,Farm-300,1.62,Sandy,Rain-fed
301,151,Farm-301,4.31,Sandy,Rain-fed
302,151,Farm-302,7.57,Black,Borewell
303,152,Farm-303,8.58,Loamy,Rain-fed
304,152,Farm-304,6,Black,Rain-fed
305,153,Farm-305,1.44,Red,Borewell
306,153,Farm-306,4.55,Sandy,Canal
307,154,Farm-307,10.39,Red,Drip
308,154,Farm-308,3.54,Black,Borewell
309,155,Farm-309,11.83,Clay,Sprinkler
310,155,Farm-310,1.07,Black,Sprinkler
311,156,Farm-311,5.26,Clay,Sprinkler
312,156,Farm-312,4.63,Black,Sprinkler
313,157,Farm-313,2.56,Clay,Borewell
314,157,Farm-314,10.32,Clay,Rain-fed
315,158,Farm-315,6.97,Black,Drip
316,158,Farm-316,11.3,Clay,Canal
317,159,Farm-317,5.11,Red,Borewell
318,159,Farm-318,3.84,Black,Sprinkler
319,160,Farm-319,6.88,Clay,Borewell
320,160,Farm-320,3.9,Sandy,Sprinkler
321,161,Farm-321,1.8,Sandy,Rain-fed
322,161,Farm-322,10.65,Black,Canal
323,162,Farm-323,4.81,Clay,Sprinkler
324,162,Farm-324,3.8,Black,Canal
325,163,Farm-325,7.4,Loamy,Borewell
326,163,Farm-326,8.79,Red,Canal
327,164,Farm-327,7.54,Black,Canal
328,164,Farm-328,6.86,Black,Sprinkler
329,165,Farm-329,2.08,Clay,Rain-fed
330,165,Farm-330,5.94,Loamy,Drip
331,166,Farm-331,11.19,Sandy,Sprinkler
332,166,Farm-332,11.29,Black,Rain-fed
333,167,Farm-333,8.37,Black,Rain-fed
334,167,Farm-334,7.81,Sandy,Drip
335,168,Farm-335,1.93,Clay,Borewell
336,168,Farm-336,6.91,Sandy,Canal
337,169,Farm-337,2.61,Red,Sprinkler
338,169,Farm-338,3.04,Red,Borewell
339,170,Farm-339,4.25,Loamy,Canal
340,170,Farm-340,8.5,Sandy,Drip
341,171,Farm-341,2.41,Red,Borewell
342,171,Farm-342,10.48,Loamy,Canal
343,172,Farm-343,11.83,Clay,Borewell
344,172,Farm-344,10.31,Black,Canal
345,173,Farm-345,1.66,Black,Drip
346,173,Farm-346,3.66,Clay,Rain-fed
347,174,Farm-347,3.3,Clay,Drip
348,174,Farm-348,2.18,Loamy,Canal
349,175,Farm-349,5.83,Clay,Sprinkler
350,175,Farm-350,5.78,Red,Drip
351,176,Farm-351,9.75,Red,Drip
352,176,Farm-352,4.56,Red,Drip
353,177,Farm-353,6.89,Clay,Rain-fed
354,177,Farm-354,7.17,Red,Canal
355,178,Farm-355,1.81,Loamy,Sprinkler
356,178,Farm-356,10.38,Clay,Borewell
357,179,Farm-357,8.44,Red,Rain-fed
358,179,Farm-358,11.74,Red,Drip
359,180,Farm-359,7.7,Red,Rain-fed
360,180,Farm-360,3.05,Red,Sprinkler
361,181,Farm-361,7.05,Sandy,Borewell
362,181,Farm-362,2.76,Black,Drip
363,182,Farm-363,7.56,Loamy,Drip
364,182,Farm-364,5.9,Red,Borewell
365,183,Farm-365,11.33,Red,Borewell
366,183,Farm-366,8.17,Loamy,Drip
367,184,Farm-367,3.51,Black,Canal
368,184,Farm-368,1.78,Clay,Rain-fed
369,185,Farm-369,2.98,Red,Rain-fed
370,185,Farm-370,1.02,Clay,Borewell
371,186,Farm-371,1.4,Red,Drip
372,186,Farm-372,1.3,Sandy,Drip
373,187,Farm-373,3.23,Black,Rain-fed
374,187,Farm-374,4.58,Loamy,Sprinkler
375,188,Farm-375,8.14,Loamy,Borewell
376,188,Farm-376,11.25,Loamy,Canal
377,189,Farm-377,11.36,Black,Borewell
378,189,Farm-378,1.64,Black,Canal
379,190,Farm-379,7.71,Clay,Canal
380,190,Farm-380,9.57,Red,Borewell
381,191,Farm-381,10.19,Red,Sprinkler
382,191,Farm-382,11.9,Clay,Borewell
383,192,Farm-383,8.7,Loamy,Borewell
384,192,Farm-384,1.39,Red,Sprinkler
385,193,Farm-385,7.28,Sandy,Rain-fed
386,193,Farm-386,1.22,Black,Sprinkler
387,194,Farm-387,1.2,Clay,Rain-fed
388,194,Farm-388,9.96,Clay,Borewell
389,195,Farm-389,5.59,Clay,Rain-fed
390,195,Farm-390,9.9,Clay,Canal
391,196,Farm-391,3.96,Red,Canal
392,196,Farm-392,10.65,Sandy,Borewell
393,197,Farm-393,11.52,Red,Drip
394,197,Farm-394,2.32,Black,Borewell
395,198,Farm-395,1.02,Sandy,Rain-fed
396,198,Farm-396,8.64,Sandy,Borewell
397,199,Farm-397,2.82,Sandy,Canal
398,199,Farm-398,1.9,Loamy,Drip
399,200,Farm-399,2.92,Black,Rain-fed
400,200,Farm-400,11.87,Clay,Sprinkler
401,201,Farm-401,5.78,Loamy,Borewell
402,201,Farm-402,11.97,Red,Drip
403,202,Farm-403,8.72,Sandy,Canal
404,202,Farm-404,9.44,Black,Rain-fed
405,203,Farm-405,3.27,Red,Drip
406,203,Farm-406,4.4,Black,Rain-fed
407,204,Farm-407,7.31,Red,Borewell
408,204,Farm-408,5.23,Clay,Canal
409,205,Farm-409,2.16,Sandy,Canal
410,205,Farm-410,6.35,Clay,Borewell
411,206,Farm-411,1.35,Clay,Drip
412,206,Farm-412,10.08,Sandy,Borewell
413,207,Farm-413,3.5,Sandy,Rain-fed
414,207,Farm-414,5.34,Black,Sprinkler
415,208,Farm-415,2.63,Black,Rain-fed
416,208,Farm-416,11.26,Loamy,Rain-fed
417,209,Farm-417,3.91,Sandy,Rain-fed
418,209,Farm-418,1.65,Black,Drip
419,210,Farm-419,6.94,Red,Sprinkler
420,210,Farm-420,11.01,Sandy,Borewell
421,211,Farm-421,7.44,Sandy,Sprinkler
422,211,Farm-422,8.15,Sandy,Drip
423,212,Farm-423,1.81,Loamy,Drip
424,212,Farm-424,10.3,Loamy,Rain-fed
425,213,Farm-425,2.76,Sandy,Sprinkler
426,213,Farm-426,5.02,Loamy,Rain-fed
427,214,Farm-427,1.03,Black,Drip
428,214,Farm-428,10.42,Loamy,Rain-fed
429,215,Farm-429,3.9,Black,Sprinkler
430,215,Farm-430,2.62,Sandy,Sprinkler
431,216,Farm-431,9.12,Red,Canal
432,216,Farm-432,8.15,Clay,Rain-fed
433,217,Farm-433,6.03,Loamy,Rain-fed
434,217,Farm-434,10.81,Clay,Borewell
435,218,Farm-435,5.99,Clay,Canal
436,218,Farm-436,4.51,Sandy,Borewell
437,219,Farm-437,8.41,Sandy,Borewell
438,219,Farm-438,9.9,Sandy,Canal
439,220,Farm-439,8.24,Loamy,Borewell
440,220,Farm-440,10.51,Black,Canal
441,221,Farm-441,10.75,Clay,Drip
442,221,Farm-442,5.89,Clay,Drip
443,222,Farm-443,7.2,Red,Sprinkler
444,222,Farm-444,11.3,Black,Rain-fed
445,223,Farm-445,7.32,Red,Drip
446,223,Farm-446,3.78,Red,Canal
447,224,Farm-447,5.67,Sandy,Drip
448,224,Farm-448,2.79,Black,Drip
449,225,Farm-449,8.04,Loamy,Borewell
450,225,Farm-450,9.58,Loamy,Rain-fed
451,226,Farm-451,6.88,Loamy,Drip
452,226,Farm-452,3.66,Loamy,Rain-fed
453,227,Farm-453,1.85,Black,Sprinkler
454,227,Farm-454,8.22,Clay,Drip
455,228,Farm-455,1.7,Sandy,Canal
456,228,Farm-456,1.29,Clay,Borewell
457,229,Farm-457,7.23,Sandy,Canal
458,229,Farm-458,2.16,Black,Drip
459,230,Farm-459,11.29,Red,Borewell
460,230,Farm-460,11.6,Black,Rain-fed
461,231,Farm-461,7.22,Sandy,Borewell
462,231,Farm-462,11.97,Loamy,Borewell
463,232,Farm-463,11.01,Clay,Sprinkler
464,232,Farm-464,9.36,Loamy,Drip
465,233,Farm-465,7.25,Red,Drip
466,233,Farm-466,5.74,Red,Drip
467,234,Farm-467,9.09,Clay,Rain-fed
468,234,Farm-468,9.65,Red,Sprinkler
469,235,Farm-469,8.97,Red,Sprinkler
470,235,Farm-470,8.81,Red,Canal
471,236,Farm-471,5.92,Black,Borewell
472,236,Farm-472,1.28,Red,Drip
473,237,Farm-473,6.86,Black,Sprinkler
474,237,Farm-474,2.16,Red,Canal
475,238,Farm-475,1.78,Loamy,Rain-fed
476,238,Farm-476,5.88,Black,Rain-fed
477,239,Farm-477,6.5,Sandy,Sprinkler
478,239,Farm-478,5.27,Loamy,Rain-fed
479,240,Farm-479,1.2,Sandy,Canal
480,240,Farm-480,11.67,Black,Drip
481,241,Farm-481,4.87,Black,Sprinkler
482,241,Farm-482,9.17,Red,Borewell
483,242,Farm-483,9.76,Clay,Drip
484,242,Farm-484,2.46,Loamy,Sprinkler
485,243,Farm-485,3.47,Black,Rain-fed
486,243,Farm-486,2.44,Sandy,Rain-fed
487,244,Farm-487,7.42,Sandy,Canal
488,244,Farm-488,8.06,Sandy,Drip
489,245,Farm-489,4.68,Clay,Drip
490,245,Farm-490,6.88,Sandy,Borewell
491,246,Farm-491,1.73,Black,Sprinkler
492,246,Farm-492,5.58,Red,Sprinkler
493,247,Farm-493,5.13,Sandy,Sprinkler
494,247,Farm-494,3.22,Sandy,Drip
495,248,Farm-495,3.45,Black,Drip
496,248,Farm-496,6.36,Sandy,Canal
497,249,Farm-497,11.42,Red,Canal
498,249,Farm-498,11.9,Sandy,Sprinkler
499,250,Farm-499,9.72,Clay,Canal
500,250,Farm-500,4.93,Loamy,Rain-fed
501,251,Farm-501,1.86,Red,Sprinkler
502,251,Farm-502,3.84,Loamy,Rain-fed
503,252,Farm-503,2.39,Loamy,Drip
504,252,Farm-504,7.31,Sandy,Drip
505,253,Farm-505,3.47,Black,Rain-fed
506,253,Farm-506,1.07,Red,Sprinkler
507,254,Farm-507,8.95,Loamy,Borewell
508,254,Farm-508,10.33,Black,Canal
509,255,Farm-509,11.49,Sandy,Canal
510,255,Farm-510,3.75,Loamy,Drip
511,256,Farm-511,8.09,Sandy,Borewell
512,256,Farm-512,11.06,Red,Drip
513,257,Farm-513,6.17,Loamy,Drip
514,257,Farm-514,8.9,Sandy,Sprinkler
515,258,Farm-515,4.4,Clay,Sprinkler
516,258,Farm-516,11.83,Clay,Drip
517,259,Farm-517,5.27,Red,Drip
518,259,Farm-518,3.82,Clay,Drip
519,260,Farm-519,3.71,Loamy,Rain-fed
520,260,Farm-520,2.84,Black,Rain-fed
521,261,Farm-521,4.56,Red,Drip
522,261,Farm-522,3.05,Black,Rain-fed
523,262,Farm-523,1.13,Sandy,Rain-fed
524,262,Farm-524,2.04,Clay,Rain-fed
525,263,Farm-525,11.95,Loamy,Drip
526,263,Farm-526,9.14,Clay,Drip
527,264,Farm-527,3.59,Black,Canal
528,264,Farm-528,8.18,Red,Borewell
529,265,Farm-529,4.9,Clay,Borewell
530,265,Farm-530,2.38,Sandy,Canal
531,266,Farm-531,6.21,Red,Sprinkler
532,266,Farm-532,2.03,Black,Canal
533,267,Farm-533,2.32,Clay,Sprinkler
534,267,Farm-534,1.58,Black,Borewell
535,268,Farm-535,8,Clay,Sprinkler
536,268,Farm-536,10.51,Clay,Rain-fed
537,269,Farm-537,11.52,Loamy,Borewell
538,269,Farm-538,6.38,Loamy,Drip
539,270,Farm-539,8.62,Clay,Borewell
540,270,Farm-540,2.48,Clay,Canal
541,271,Farm-541,1.85,Loamy,Sprinkler
542,271,Farm-542,7.31,Loamy,Canal
543,272,Farm-543,2.03,Black,Drip
544,272,Farm-544,7.18,Sandy,Canal
545,273,Farm-545,3,Loamy,Borewell
546,273,Farm-546,5.63,Sandy,Borewell
547,274,Farm-547,1.4,Clay,Drip
548,274,Farm-548,2.96,Clay,Canal
549,275,Farm-549,9.15,Black,Sprinkler
550,275,Farm-550,9.05,Red,Borewell
551,276,Farm-551,5.39,Red,Canal
552,276,Farm-552,7.39,Loamy,Canal
553,277,Farm-553,7.22,Clay,Sprinkler
554,277,Farm-554,8.46,Red,Borewell
555,278,Farm-555,5.19,Sandy,Rain-fed
556,278,Farm-556,2.99,Sandy,Sprinkler
557,279,Farm-557,7.41,Clay,Drip
558,279,Farm-558,1.22,Sandy,Sprinkler
559,280,Farm-559,4.46,Sandy,Rain-fed
560,280,Farm-560,10.03,Red,Canal
561,281,Farm-561,4.18,Black,Drip
562,281,Farm-562,6.61,Sandy,Drip
563,282,Farm-563,5.24,Red,Drip
564,282,Farm-564,4.91,Black,Drip
565,283,Farm-565,10.21,Black,Drip
566,283,Farm-566,4.4,Sandy,Borewell
567,284,Farm-567,1.27,Black,Sprinkler
568,284,Farm-568,7.79,Black,Sprinkler
569,285,Farm-569,2.76,Black,Drip
570,285,Farm-570,9.66,Red,Borewell
571,286,Farm-571,9.65,Clay,Drip
572,286,Farm-572,6.68,Clay,Sprinkler
573,287,Farm-573,8.04,Sandy,Rain-fed
574,287,Farm-574,11.17,Sandy,Rain-fed
575,288,Farm-575,6.16,Sandy,Sprinkler
576,288,Farm-576,4.09,Red,Canal
577,289,Farm-577,11.3,Red,Rain-fed
578,289,Farm-578,1.02,Black,Drip
579,290,Farm-579,1.95,Clay,Borewell
580,290,Farm-580,7.02,Black,Drip
581,291,Farm-581,9.39,Clay,Rain-fed
582,291,Farm-582,1.34,Red,Borewell
583,292,Farm-583,2.12,Sandy,Borewell
584,292,Farm-584,1.48,Red,Rain-fed
585,293,Farm-585,6.73,Clay,Borewell
586,293,Farm-586,2.61,Black,Canal
587,294,Farm-587,8.46,Clay,Borewell
588,294,Farm-588,9.53,Loamy,Canal
589,295,Farm-589,3.96,Red,Sprinkler
590,295,Farm-590,8.42,Loamy,Borewell
591,296,Farm-591,8.75,Clay,Canal
592,296,Farm-592,1.7,Sandy,Borewell
593,297,Farm-593,5.84,Clay,Borewell
594,297,Farm-594,7.34,Loamy,Sprinkler
595,298,Farm-595,11.05,Red,Canal
596,298,Farm-596,10.86,Loamy,Drip
597,299,Farm-597,9.45,Clay,Borewell
598,299,Farm-598,6.97,Black,Rain-fed
599,300,Farm-599,11.87,Black,Drip
600,300,Farm-600,9.67,Sandy,Drip
601,301,Farm-601,6.42,Black,Sprinkler
602,301,Farm-602,8.28,Loamy,Rain-fed
603,302,Farm-603,7.2,Red,Sprinkler
604,302,Farm-604,8.86,Loamy,Drip
605,303,Farm-605,2.74,Red,Sprinkler
606,303,Farm-606,8.24,Clay,Sprinkler
607,304,Farm-607,6.26,Clay,Sprinkler
608,304,Farm-608,10.63,Black,Canal
609,305,Farm-609,1.94,Red,Drip
610,305,Farm-610,10.56,Black,Canal
611,306,Farm-611,11.99,Sandy,Rain-fed
612,306,Farm-612,6.31,Loamy,Borewell
613,307,Farm-613,7.42,Clay,Rain-fed
614,307,Farm-614,2.42,Black,Sprinkler
615,308,Farm-615,10.37,Sandy,Borewell
616,308,Farm-616,10.18,Red,Rain-fed
617,309,Farm-617,2.41,Sandy,Canal
618,309,Farm-618,8.43,Red,Canal
619,310,Farm-619,3.82,Sandy,Canal
620,310,Farm-620,8.19,Loamy,Rain-fed
621,311,Farm-621,10.41,Black,Rain-fed
622,311,Farm-622,9.85,Loamy,Borewell
623,312,Farm-623,11.83,Black,Sprinkler
624,312,Farm-624,10.18,Sandy,Drip
625,313,Farm-625,3.8,Red,Sprinkler
626,313,Farm-626,4.98,Clay,Borewell
627,314,Farm-627,8.54,Red,Rain-fed
628,314,Farm-628,7,Red,Canal
629,315,Farm-629,1.58,Clay,Drip
630,315,Farm-630,6.88,Red,Sprinkler
631,316,Farm-631,10.25,Clay,Sprinkler
632,316,Farm-632,1.25,Sandy,Sprinkler
633,317,Farm-633,4.04,Sandy,Drip
634,317,Farm-634,2.15,Black,Sprinkler
635,318,Farm-635,1.82,Sandy,Canal
636,318,Farm-636,11.53,Loamy,Sprinkler
637,319,Farm-637,11.5,Clay,Borewell
638,319,Farm-638,10.42,Clay,Drip
639,320,Farm-639,5.28,Red,Sprinkler
640,320,Farm-640,7.69,Sandy,Sprinkler
641,321,Farm-641,10.85,Black,Drip
642,321,Farm-642,1.1,Sandy,Borewell
643,322,Farm-643,1.82,Clay,Drip
644,322,Farm-644,10.88,Black,Borewell
645,323,Farm-645,6.2,Clay,Drip
646,323,Farm-646,7.34,Loamy,Canal
647,324,Farm-647,4.5,Sandy,Borewell
648,324,Farm-648,2.73,Black,Drip
649,325,Farm-649,11.42,Loamy,Borewell
650,325,Farm-650,6.14,Sandy,Drip
651,326,Farm-651,10.54,Clay,Sprinkler
652,326,Farm-652,6.3,Loamy,Sprinkler
653,327,Farm-653,6.3,Sandy,Canal
654,327,Farm-654,1.58,Red,Sprinkler
655,328,Farm-655,9.01,Sandy,Drip
656,328,Farm-656,4.95,Red,Sprinkler
657,329,Farm-657,10.4,Sandy,Drip
658,329,Farm-658,7.94,Red,Borewell
659,330,Farm-659,6.06,Sandy,Sprinkler
660,330,Farm-660,8.19,Red,Drip
661,331,Farm-661,3.26,Sandy,Borewell
662,331,Farm-662,1.94,Red,Rain-fed
663,332,Farm-663,1.47,Red,Drip
664,332,Farm-664,10.43,Clay,Borewell
665,333,Farm-665,2.61,Black,Borewell
666,333,Farm-666,5.64,Red,Rain-fed
667,334,Farm-667,8.84,Black,Rain-fed
668,334,Farm-668,9.82,Black,Canal
669,335,Farm-669,11.48,Loamy,Drip
670,335,Farm-670,9.59,Black,Drip
671,336,Farm-671,8.94,Clay,Sprinkler
672,336,Farm-672,8.44,Black,Drip
673,337,Farm-673,11.2,Black,Rain-fed
674,337,Farm-674,3.36,Sandy,Borewell
675,338,Farm-675,2.32,Red,Rain-fed
676,338,Farm-676,7.99,Black,Sprinkler
677,339,Farm-677,3.46,Sandy,Borewell
678,339,Farm-678,4.89,Sandy,Rain-fed
679,340,Farm-679,5.64,Black,Canal
680,340,Farm-680,6.3,Black,Drip
681,341,Farm-681,7.74,Black,Drip
682,341,Farm-682,10.99,Loamy,Drip
683,342,Farm-683,10.18,Red,Drip
684,342,Farm-684,8.71,Sandy,Sprinkler
685,343,Farm-685,1.92,Clay,Rain-fed
686,343,Farm-686,5.72,Sandy,Borewell
687,344,Farm-687,5.85,Clay,Sprinkler
688,344,Farm-688,6.23,Black,Canal
689,345,Farm-689,8.03,Clay,Rain-fed
690,345,Farm-690,9.51,Black,Sprinkler
691,346,Farm-691,5.09,Sandy,Sprinkler
692,346,Farm-692,1.23,Loamy,Canal
693,347,Farm-693,8.56,Sandy,Drip
694,347,Farm-694,11.52,Red,Drip
695,348,Farm-695,10.22,Clay,Drip
696,348,Farm-696,3.11,Black,Sprinkler
697,349,Farm-697,7.77,Sandy,Sprinkler
698,349,Farm-698,5.8,Red,Borewell
699,350,Farm-699,2.6,Sandy,Rain-fed
700,350,Farm-700,4.02,Clay,Sprinkler
701,351,Farm-701,10.57,Sandy,Borewell
702,351,Farm-702,10.64,Black,Borewell
703,352,Farm-703,8.17,Clay,Canal
704,352,Farm-704,3.3,Loamy,Borewell
705,353,Farm-705,9.47,Clay,Canal
706,353,Farm-706,2.72,Sandy,Drip
707,354,Farm-707,5.14,Sandy,Sprinkler
708,354,Farm-708,3.13,Clay,Drip
709,355,Farm-709,3.39,Loamy,Canal
710,355,Farm-710,6.62,Sandy,Rain-fed
711,356,Farm-711,4.94,Sandy,Rain-fed
712,356,Farm-712,4.52,Red,Borewell
713,357,Farm-713,1.41,Sandy,Borewell
714,357,Farm-714,1.48,Sandy,Sprinkler
715,358,Farm-715,1.49,Loamy,Rain-fed
716,358,Farm-716,11.23,Clay,Borewell
717,359,Farm-717,8.34,Sandy,Canal
718,359,Farm-718,2.48,Loamy,Borewell
719,360,Farm-719,6.56,Red,Canal
720,360,Farm-720,10.16,Loamy,Borewell
721,361,Farm-721,2.24,Sandy,Rain-fed
722,361,Farm-722,6.74,Clay,Rain-fed
723,362,Farm-723,11.54,Red,Canal
724,362,Farm-724,3.35,Red,Canal
725,363,Farm-725,3.38,Red,Canal
726,363,Farm-726,7.45,Red,Drip
727,364,Farm-727,1.47,Red,Drip
728,364,Farm-728,5.29,Red,Borewell
729,365,Farm-729,1.91,Red,Borewell
730,365,Farm-730,4.25,Clay,Rain-fed
731,366,Farm-731,5.06,Sandy,Borewell
732,366,Farm-732,9.4,Sandy,Drip
733,367,Farm-733,3.88,Clay,Canal
734,367,Farm-734,11.45,Black,Borewell
735,368,Farm-735,10.04,Red,Borewell
736,368,Farm-736,9.82,Red,Rain-fed
737,369,Farm-737,4.21,Red,Borewell
738,369,Farm-738,7.83,Loamy,Canal
739,370,Farm-739,11.75,Loamy,Rain-fed
740,370,Farm-740,7.66,Sandy,Drip
741,371,Farm-741,1.97,Sandy,Drip
742,371,Farm-742,2.02,Black,Rain-fed
743,372,Farm-743,9.69,Clay,Borewell
744,372,Farm-744,4.96,Sandy,Canal
745,373,Farm-745,6.94,Red,Drip
746,373,Farm-746,5.53,Clay,Rain-fed
747,374,Farm-747,11.21,Clay,Borewell
748,374,Farm-748,6.33,Black,Canal
749,375,Farm-749,7.71,Sandy,Borewell
750,375,Farm-750,9.3,Sandy,Drip
751,376,Farm-751,4.99,Red,Drip
752,376,Farm-752,6.28,Red,Drip
753,377,Farm-753,3.28,Sandy,Borewell
754,377,Farm-754,11.77,Loamy,Rain-fed
755,378,Farm-755,5.56,Red,Rain-fed
756,378,Farm-756,1.15,Red,Drip
757,379,Farm-757,10.65,Red,Rain-fed
758,379,Farm-758,4.98,Red,Canal
759,380,Farm-759,3.35,Black,Sprinkler
760,380,Farm-760,9.66,Black,Drip
761,381,Farm-761,3.27,Clay,Canal
762,381,Farm-762,3.26,Loamy,Canal
763,382,Farm-763,6.69,Clay,Sprinkler
764,382,Farm-764,11.1,Black,Drip
765,383,Farm-765,8.31,Loamy,Rain-fed
766,383,Farm-766,7.15,Sandy,Canal
767,384,Farm-767,2.24,Sandy,Canal
768,384,Farm-768,8.13,Clay,Borewell
769,385,Farm-769,5.9,Sandy,Borewell
770,385,Farm-770,2.99,Sandy,Borewell
771,386,Farm-771,3.01,Loamy,Canal
772,386,Farm-772,8.74,Loamy,Canal
773,387,Farm-773,6.83,Clay,Sprinkler
774,387,Farm-774,11.77,Sandy,Borewell
775,388,Farm-775,10.86,Clay,Borewell
776,388,Farm-776,4.05,Sandy,Rain-fed
777,389,Farm-777,3.9,Clay,Borewell
778,389,Farm-778,8.79,Loamy,Drip
779,390,Farm-779,6.25,Loamy,Canal
780,390,Farm-780,4.44,Black,Borewell
781,391,Farm-781,1.41,Loamy,Drip
782,391,Farm-782,1.81,Clay,Drip
783,392,Farm-783,3.13,Black,Canal
784,392,Farm-784,8.67,Loamy,Sprinkler
785,393,Farm-785,4.45,Sandy,Rain-fed
786,393,Farm-786,2.43,Red,Canal
787,394,Farm-787,6.42,Sandy,Canal
788,394,Farm-788,2.88,Clay,Drip
789,395,Farm-789,7.21,Sandy,Drip
790,395,Farm-790,2.87,Black,Canal
791,396,Farm-791,3.42,Loamy,Sprinkler
792,396,Farm-792,7.76,Black,Canal
793,397,Farm-793,9.44,Sandy,Sprinkler
794,397,Farm-794,1.96,Black,Borewell
795,398,Farm-795,4.87,Loamy,Rain-fed
796,398,Farm-796,7.52,Sandy,Sprinkler
797,399,Farm-797,2.54,Black,Canal
798,399,Farm-798,2.64,Sandy,Sprinkler
799,400,Farm-799,8.86,Black,Canal
800,400,Farm-800,6.25,Red,Borewell
801,401,Farm-801,9.24,Clay,Borewell
802,401,Farm-802,2.71,Sandy,Sprinkler
803,402,Farm-803,6.37,Loamy,Drip
804,402,Farm-804,6.13,Sandy,Sprinkler
805,403,Farm-805,9.22,Clay,Sprinkler
806,403,Farm-806,3.93,Clay,Canal
807,404,Farm-807,8.73,Red,Rain-fed
808,404,Farm-808,8.38,Black,Borewell
809,405,Farm-809,11.01,Sandy,Rain-fed
810,405,Farm-810,1.8,Red,Drip
811,406,Farm-811,4.35,Clay,Rain-fed
812,406,Farm-812,10.7,Clay,Sprinkler
813,407,Farm-813,3.73,Sandy,Drip
814,407,Farm-814,6.12,Black,Borewell
815,408,Farm-815,2.84,Sandy,Rain-fed
816,408,Farm-816,7.8,Sandy,Borewell
817,409,Farm-817,6.92,Black,Rain-fed
818,409,Farm-818,10.29,Black,Sprinkler
819,410,Farm-819,8.57,Sandy,Borewell
820,410,Farm-820,2.99,Sandy,Canal
821,411,Farm-821,11.09,Black,Rain-fed
822,411,Farm-822,3.26,Red,Canal
823,412,Farm-823,1.85,Black,Rain-fed
824,412,Farm-824,10.07,Clay,Sprinkler
825,413,Farm-825,9.79,Red,Drip
826,413,Farm-826,3.83,Red,Sprinkler
827,414,Farm-827,6.83,Sandy,Sprinkler
828,414,Farm-828,8.49,Clay,Canal
829,415,Farm-829,1.05,Black,Rain-fed
830,415,Farm-830,2.16,Loamy,Borewell
831,416,Farm-831,11.53,Loamy,Sprinkler
832,416,Farm-832,10.18,Clay,Canal
833,417,Farm-833,9.66,Sandy,Drip
834,417,Farm-834,8.6,Black,Drip
835,418,Farm-835,2.4,Black,Rain-fed
836,418,Farm-836,7.19,Loamy,Canal
837,419,Farm-837,3.65,Red,Canal
838,419,Farm-838,1.16,Clay,Canal
839,420,Farm-839,5.95,Loamy,Sprinkler
840,420,Farm-840,10.78,Loamy,Sprinkler
841,421,Farm-841,9.24,Black,Borewell
842,421,Farm-842,7.33,Clay,Borewell
843,422,Farm-843,6.9,Sandy,Borewell
844,422,Farm-844,3.86,Black,Rain-fed
845,423,Farm-845,10.39,Clay,Drip
846,423,Farm-846,8.56,Sandy,Borewell
847,424,Farm-847,11.57,Clay,Sprinkler
848,424,Farm-848,7.58,Black,Canal
849,425,Farm-849,2.17,Black,Borewell
850,425,Farm-850,7.69,Red,Sprinkler
851,426,Farm-851,6.01,Sandy,Borewell
852,426,Farm-852,8.53,Red,Sprinkler
853,427,Farm-853,4.11,Loamy,Canal
854,427,Farm-854,6.93,Clay,Drip
855,428,Farm-855,2.38,Black,Canal
856,428,Farm-856,10.95,Sandy,Sprinkler
857,429,Farm-857,11.92,Black,Rain-fed
858,429,Farm-858,1.73,Loamy,Drip
859,430,Farm-859,6.53,Clay,Borewell
860,430,Farm-860,3.79,Red,Borewell
861,431,Farm-861,8.5,Loamy,Canal
862,431,Farm-862,6.59,Clay,Drip
863,432,Farm-863,2.34,Clay,Borewell
864,432,Farm-864,1.47,Red,Drip
865,433,Farm-865,8.16,Black,Canal
866,433,Farm-866,10.02,Clay,Rain-fed
867,434,Farm-867,1.51,Black,Drip
868,434,Farm-868,2.39,Clay,Borewell
869,435,Farm-869,2.04,Loamy,Sprinkler
870,435,Farm-870,8.4,Loamy,Rain-fed
871,436,Farm-871,6.24,Loamy,Rain-fed
872,436,Farm-872,10.58,Sandy,Drip
873,437,Farm-873,1.67,Sandy,Borewell
874,437,Farm-874,3.29,Sandy,Rain-fed
875,438,Farm-875,9.17,Sandy,Borewell
876,438,Farm-876,3.91,Loamy,Borewell
877,439,Farm-877,9.86,Red,Canal
878,439,Farm-878,5.31,Loamy,Drip
879,440,Farm-879,6.81,Sandy,Borewell
880,440,Farm-880,1.68,Sandy,Rain-fed
881,441,Farm-881,10.69,Sandy,Canal
882,441,Farm-882,9.63,Red,Canal
883,442,Farm-883,9.19,Red,Sprinkler
884,442,Farm-884,4.15,Loamy,Rain-fed
885,443,Farm-885,11.56,Red,Drip
886,443,Farm-886,9.07,Black,Borewell
887,444,Farm-887,8.7,Black,Drip
888,444,Farm-888,9.47,Black,Rain-fed
889,445,Farm-889,6.75,Clay,Sprinkler
890,445,Farm-890,8.64,Red,Borewell
891,446,Farm-891,5.57,Black,Sprinkler
892,446,Farm-892,6.1,Red,Rain-fed
893,447,Farm-893,11.08,Black,Drip
894,447,Farm-894,10.89,Loamy,Canal
895,448,Farm-895,1.62,Black,Sprinkler
896,448,Farm-896,11.06,Red,Rain-fed
897,449,Farm-897,2.45,Red,Drip
898,449,Farm-898,3.72,Clay,Sprinkler
899,450,Farm-899,4.04,Loamy,Sprinkler
900,450,Farm-900,10.9,Loamy,Rain-fed
901,451,Farm-901,2.61,Clay,Borewell
902,451,Farm-902,3.53,Clay,Sprinkler
903,452,Farm-903,10.52,Loamy,Borewell
904,452,Farm-904,7.51,Clay,Drip
905,453,Farm-905,9.22,Loamy,Drip
906,453,Farm-906,3.75,Clay,Canal
907,454,Farm-907,10.34,Clay,Drip
908,454,Farm-908,3.07,Loamy,Canal
909,455,Farm-909,11.12,Clay,Sprinkler
910,455,Farm-910,2.68,Clay,Drip
911,456,Farm-911,8.32,Clay,Rain-fed
912,456,Farm-912,7.84,Black,Canal
913,457,Farm-913,10.3,Clay,Borewell
914,457,Farm-914,4.16,Black,Canal
915,458,Farm-915,1.42,Sandy,Drip
916,458,Farm-916,6.58,Loamy,Rain-fed
917,459,Farm-917,4.07,Loamy,Canal
918,459,Farm-918,2.7,Clay,Borewell
919,460,Farm-919,6.13,Black,Drip
920,460,Farm-920,9.41,Clay,Drip
921,461,Farm-921,3.79,Red,Sprinkler
922,461,Farm-922,8.64,Clay,Drip
923,462,Farm-923,10.22,Sandy,Sprinkler
924,462,Farm-924,10.68,Loamy,Rain-fed
925,463,Farm-925,11.18,Sandy,Rain-fed
926,463,Farm-926,9.46,Red,Canal
927,464,Farm-927,3.07,Red,Rain-fed
928,464,Farm-928,3.28,Red,Canal
929,465,Farm-929,3.43,Black,Drip
930,465,Farm-930,10.74,Red,Drip
931,466,Farm-931,10.3,Loamy,Canal
932,466,Farm-932,6.67,Clay,Rain-fed
933,467,Farm-933,5.98,Sandy,Rain-fed
934,467,Farm-934,8.18,Black,Canal
935,468,Farm-935,1.33,Loamy,Rain-fed
936,468,Farm-936,10.3,Black,Drip
937,469,Farm-937,9.31,Sandy,Borewell
938,469,Farm-938,9.28,Loamy,Drip
939,470,Farm-939,7.39,Sandy,Drip
940,470,Farm-940,3.09,Clay,Sprinkler
941,471,Farm-941,8.76,Sandy,Sprinkler
942,471,Farm-942,11.26,Black,Rain-fed
943,472,Farm-943,11.01,Clay,Sprinkler
944,472,Farm-944,9.52,Clay,Sprinkler
945,473,Farm-945,6.88,Clay,Sprinkler
946,473,Farm-946,5.61,Clay,Canal
947,474,Farm-947,10.88,Sandy,Canal
948,474,Farm-948,7.99,Sandy,Sprinkler
949,475,Farm-949,6.8,Loamy,Drip
950,475,Farm-950,3.42,Red,Drip
951,476,Farm-951,8.78,Sandy,Drip
952,476,Farm-952,11.48,Red,Canal
953,477,Farm-953,1.87,Clay,Canal
954,477,Farm-954,2.27,Loamy,Canal
955,478,Farm-955,11.91,Sandy,Borewell
956,478,Farm-956,4.56,Loamy,Canal
957,479,Farm-957,6.72,Loamy,Drip
958,479,Farm-958,5.45,Clay,Borewell
959,480,Farm-959,6.26,Black,Canal
960,480,Farm-960,7.63,Clay,Canal
961,481,Farm-961,7.48,Sandy,Canal
962,481,Farm-962,9.55,Clay,Drip
963,482,Farm-963,6.94,Black,Sprinkler
964,482,Farm-964,8.78,Sandy,Rain-fed
965,483,Farm-965,3.82,Red,Sprinkler
966,483,Farm-966,6.79,Red,Canal
967,484,Farm-967,7.21,Clay,Rain-fed
968,484,Farm-968,2.44,Clay,Rain-fed
969,485,Farm-969,10,Sandy,Sprinkler
970,485,Farm-970,9.94,Clay,Rain-fed
971,486,Farm-971,1.64,Loamy,Drip
972,486,Farm-972,7.79,Clay,Borewell
973,487,Farm-973,3.12,Loamy,Sprinkler
974,487,Farm-974,4.87,Clay,Canal
975,488,Farm-975,10.66,Clay,Canal
976,488,Farm-976,11.45,Sandy,Canal
977,489,Farm-977,11.35,Red,Canal
978,489,Farm-978,1.38,Black,Sprinkler
979,490,Farm-979,2.64,Clay,Canal
980,490,Farm-980,6.75,Sandy,Borewell
981,491,Farm-981,8.56,Loamy,Borewell
982,491,Farm-982,4.84,Loamy,Sprinkler
983,492,Farm-983,3.05,Black,Rain-fed
984,492,Farm-984,11.42,Red,Borewell
985,493,Farm-985,2.37,Clay,Borewell
986,493,Farm-986,4.08,Loamy,Rain-fed
987,494,Farm-987,4.98,Red,Borewell
988,494,Farm-988,8.81,Red,Rain-fed
989,495,Farm-989,3.68,Sandy,Sprinkler
990,495,Farm-990,3.26,Clay,Rain-fed
991,496,Farm-991,8,Black,Sprinkler
992,496,Farm-992,5.62,Sandy,Drip
993,497,Farm-993,11.81,Sandy,Sprinkler
994,497,Farm-994,5.61,Sandy,Drip
995,498,Farm-995,6.79,Sandy,Sprinkler
996,498,Farm-996,3.17,Red,Sprinkler
997,499,Farm-997,9.38,Red,Borewell
998,499,Farm-998,4.74,Clay,Borewell
999,500,Farm-999,3.33,Sandy,Rain-fed
1000,500,Farm-1000,8.32,Clay,Drip
1001,501,Farm-1001,11.2,Red,Drip
1002,501,Farm-1002,10.39,Black,Canal
1003,502,Farm-1003,10.02,Black,Drip
1004,502,Farm-1004,7.5,Loamy,Sprinkler
1005,503,Farm-1005,11.18,Clay,Borewell
1006,503,Farm-1006,8.87,Sandy,Canal
1007,504,Farm-1007,6.36,Red,Sprinkler
1008,504,Farm-1008,1.12,Black,Rain-fed
1009,505,Farm-1009,6.76,Black,Drip
1010,505,Farm-1010,11.93,Black,Drip
1011,506,Farm-1011,9.92,Black,Rain-fed
1012,506,Farm-1012,4.98,Clay,Rain-fed
1013,507,Farm-1013,3.47,Clay,Rain-fed
1014,507,Farm-1014,2.28,Sandy,Rain-fed
1015,508,Farm-1015,7.12,Clay,Canal
1016,508,Farm-1016,8.66,Black,Borewell
1017,509,Farm-1017,7.7,Sandy,Canal
1018,509,Farm-1018,5.8,Black,Rain-fed
1019,510,Farm-1019,5.04,Loamy,Drip
1020,510,Farm-1020,9.7,Black,Sprinkler
1021,511,Farm-1021,7.59,Black,Canal
1022,511,Farm-1022,11.83,Clay,Sprinkler
1023,512,Farm-1023,8.47,Black,Canal
1024,512,Farm-1024,3.15,Sandy,Drip
1025,513,Farm-1025,9.87,Clay,Rain-fed
1026,513,Farm-1026,5.63,Loamy,Canal
1027,514,Farm-1027,5.88,Red,Borewell
1028,514,Farm-1028,7.42,Clay,Sprinkler
1029,515,Farm-1029,2.47,Red,Canal
1030,515,Farm-1030,11.57,Red,Drip
1031,516,Farm-1031,8.65,Loamy,Sprinkler
1032,516,Farm-1032,7.91,Sandy,Borewell
1033,517,Farm-1033,10.36,Loamy,Borewell
1034,517,Farm-1034,1.55,Clay,Canal
1035,518,Farm-1035,10.72,Clay,Drip
1036,518,Farm-1036,7.8,Loamy,Rain-fed
1037,519,Farm-1037,1.27,Clay,Sprinkler
1038,519,Farm-1038,11.55,Sandy,Borewell
1039,520,Farm-1039,6.43,Black,Sprinkler
1040,520,Farm-1040,2.14,Black,Canal
1041,521,Farm-1041,6.91,Clay,Borewell
1042,521,Farm-1042,7.68,Clay,Borewell
1043,522,Farm-1043,4.93,Loamy,Canal
1044,522,Farm-1044,7.23,Black,Rain-fed
1045,523,Farm-1045,6.16,Clay,Borewell
1046,523,Farm-1046,2.24,Red,Sprinkler
1047,524,Farm-1047,4.75,Black,Borewell
1048,524,Farm-1048,8.4,Sandy,Rain-fed
1049,525,Farm-1049,3.8,Red,Drip
1050,525,Farm-1050,4.93,Clay,Rain-fed
1051,526,Farm-1051,4.28,Loamy,Drip
1052,526,Farm-1052,1.09,Black,Drip
1053,527,Farm-1053,4.63,Clay,Sprinkler
1054,527,Farm-1054,8.14,Loamy,Rain-fed
1055,528,Farm-1055,11.03,Red,Sprinkler
1056,528,Farm-1056,8.16,Sandy,Drip
1057,529,Farm-1057,6.8,Black,Canal
1058,529,Farm-1058,1.66,Sandy,Canal
1059,530,Farm-1059,5.36,Red,Canal
1060,530,Farm-1060,2.55,Clay,Drip
1061,531,Farm-1061,7.1,Sandy,Drip
1062,531,Farm-1062,3.5,Sandy,Rain-fed
1063,532,Farm-1063,1.04,Clay,Rain-fed
1064,532,Farm-1064,11.59,Clay,Rain-fed
1065,533,Farm-1065,8.21,Sandy,Sprinkler
1066,533,Farm-1066,6.92,Loamy,Rain-fed
1067,534,Farm-1067,2.28,Clay,Sprinkler
1068,534,Farm-1068,3.95,Red,Rain-fed
1069,535,Farm-1069,1.61,Loamy,Canal
1070,535,Farm-1070,4.53,Sandy,Canal
1071,536,Farm-1071,8.9,Black,Borewell
1072,536,Farm-1072,7.67,Black,Rain-fed
1073,537,Farm-1073,4.3,Clay,Sprinkler
1074,537,Farm-1074,2.8,Red,Rain-fed
1075,538,Farm-1075,10.22,Black,Sprinkler
1076,538,Farm-1076,5.34,Sandy,Rain-fed
1077,539,Farm-1077,2.7,Loamy,Borewell
1078,539,Farm-1078,2.04,Loamy,Rain-fed
1079,540,Farm-1079,11.34,Black,Rain-fed
1080,540,Farm-1080,8,Clay,Sprinkler
1081,541,Farm-1081,11.78,Sandy,Rain-fed
1082,541,Farm-1082,4.49,Clay,Drip
1083,542,Farm-1083,8.57,Loamy,Drip
1084,542,Farm-1084,3.51,Loamy,Sprinkler
1085,543,Farm-1085,11.1,Black,Sprinkler
1086,543,Farm-1086,6.7,Black,Borewell
1087,544,Farm-1087,8.37,Red,Rain-fed
1088,544,Farm-1088,6.91,Black,Rain-fed
1089,545,Farm-1089,4.87,Clay,Drip
1090,545,Farm-1090,6.4,Sandy,Canal
1091,546,Farm-1091,6.46,Loamy,Rain-fed
1092,546,Farm-1092,7.46,Red,Sprinkler
1093,547,Farm-1093,2.22,Red,Drip
1094,547,Farm-1094,7.9,Clay,Sprinkler
1095,548,Farm-1095,3.98,Sandy,Sprinkler
1096,548,Farm-1096,6.22,Clay,Borewell
1097,549,Farm-1097,1.5,Sandy,Drip
1098,549,Farm-1098,11.81,Loamy,Sprinkler
1099,550,Farm-1099,3.47,Loamy,Borewell
1100,550,Farm-1100,5.89,Black,Borewell
1101,551,Farm-1101,8.42,Clay,Canal
1102,551,Farm-1102,1.21,Red,Sprinkler
1103,552,Farm-1103,6.32,Loamy,Rain-fed
1104,552,Farm-1104,3.55,Red,Canal
1105,553,Farm-1105,5.63,Loamy,Rain-fed
1106,553,Farm-1106,7.72,Clay,Sprinkler
1107,554,Farm-1107,2.54,Loamy,Drip
1108,554,Farm-1108,10.92,Clay,Canal
1109,555,Farm-1109,9.14,Black,Canal
1110,555,Farm-1110,2.18,Black,Sprinkler
1111,556,Farm-1111,4.49,Black,Canal
1112,556,Farm-1112,11.98,Sandy,Sprinkler
1113,557,Farm-1113,5.03,Black,Drip
1114,557,Farm-1114,9.93,Red,Sprinkler
1115,558,Farm-1115,9.7,Loamy,Rain-fed
1116,558,Farm-1116,7.51,Red,Sprinkler
1117,559,Farm-1117,9.88,Loamy,Rain-fed
1118,559,Farm-1118,3.43,Clay,Rain-fed
1119,560,Farm-1119,3.89,Black,Sprinkler
1120,560,Farm-1120,8.75,Loamy,Borewell
1121,561,Farm-1121,11.55,Loamy,Canal
1122,561,Farm-1122,4.77,Black,Sprinkler
1123,562,Farm-1123,9.55,Loamy,Canal
1124,562,Farm-1124,4.38,Black,Canal
1125,563,Farm-1125,8.77,Clay,Sprinkler
1126,563,Farm-1126,6.37,Clay,Drip
1127,564,Farm-1127,10.14,Red,Borewell
1128,564,Farm-1128,2.76,Red,Rain-fed
1129,565,Farm-1129,4.45,Sandy,Rain-fed
1130,565,Farm-1130,8.47,Red,Sprinkler
1131,566,Farm-1131,7.43,Loamy,Rain-fed
1132,566,Farm-1132,8.49,Red,Canal
1133,567,Farm-1133,10.89,Clay,Rain-fed
1134,567,Farm-1134,11.46,Red,Borewell
1135,568,Farm-1135,7.28,Sandy,Sprinkler
1136,568,Farm-1136,11.21,Clay,Borewell
1137,569,Farm-1137,3.36,Black,Rain-fed
1138,569,Farm-1138,8.91,Red,Rain-fed
1139,570,Farm-1139,7.81,Loamy,Borewell
1140,570,Farm-1140,10.65,Loamy,Borewell
1141,571,Farm-1141,6.49,Sandy,Sprinkler
1142,571,Farm-1142,9.66,Red,Rain-fed
1143,572,Farm-1143,11.79,Loamy,Drip
1144,572,Farm-1144,3.62,Clay,Rain-fed
1145,573,Farm-1145,7.77,Sandy,Sprinkler
1146,573,Farm-1146,4.31,Loamy,Sprinkler
1147,574,Farm-1147,10.21,Red,Borewell
1148,574,Farm-1148,8.08,Clay,Sprinkler
1149,575,Farm-1149,3.53,Black,Canal
1150,575,Farm-1150,6.77,Loamy,Rain-fed
1151,576,Farm-1151,6.36,Red,Rain-fed
1152,576,Farm-1152,5.92,Loamy,Sprinkler
1153,577,Farm-1153,9.87,Black,Sprinkler
1154,577,Farm-1154,11.14,Loamy,Rain-fed
1155,578,Farm-1155,3.25,Clay,Drip
1156,578,Farm-1156,11.88,Sandy,Borewell
1157,579,Farm-1157,8.06,Black,Drip
1158,579,Farm-1158,10.61,Red,Rain-fed
1159,580,Farm-1159,9.66,Black,Canal
1160,580,Farm-1160,10.37,Sandy,Rain-fed
1161,581,Farm-1161,9.05,Loamy,Canal
1162,581,Farm-1162,9.33,Sandy,Sprinkler
1163,582,Farm-1163,3.03,Sandy,Canal
1164,582,Farm-1164,4.58,Black,Borewell
1165,583,Farm-1165,9.14,Black,Drip
1166,583,Farm-1166,9.24,Red,Drip
1167,584,Farm-1167,1.35,Clay,Borewell
1168,584,Farm-1168,8.67,Red,Borewell
1169,585,Farm-1169,8.42,Red,Canal
1170,585,Farm-1170,6.8,Red,Borewell
1171,586,Farm-1171,7.31,Black,Drip
1172,586,Farm-1172,10.85,Sandy,Drip
1173,587,Farm-1173,1.11,Sandy,Drip
1174,587,Farm-1174,5.53,Sandy,Drip
1175,588,Farm-1175,6.28,Loamy,Sprinkler
1176,588,Farm-1176,3.15,Clay,Canal
1177,589,Farm-1177,9.74,Black,Sprinkler
1178,589,Farm-1178,4.49,Loamy,Rain-fed
1179,590,Farm-1179,4.18,Black,Canal
1180,590,Farm-1180,8.04,Black,Borewell
1181,591,Farm-1181,2.65,Clay,Rain-fed
1182,591,Farm-1182,7.38,Clay,Drip
1183,592,Farm-1183,10.3,Black,Sprinkler
1184,592,Farm-1184,1.72,Loamy,Canal
1185,593,Farm-1185,2.76,Red,Canal
1186,593,Farm-1186,11.25,Black,Canal
1187,594,Farm-1187,11.01,Red,Borewell
1188,594,Farm-1188,4.47,Sandy,Rain-fed
1189,595,Farm-1189,11.9,Black,Rain-fed
1190,595,Farm-1190,7.2,Sandy,Sprinkler
1191,596,Farm-1191,4.79,Red,Rain-fed
1192,596,Farm-1192,10.92,Clay,Sprinkler
1193,597,Farm-1193,11.07,Loamy,Rain-fed
1194,597,Farm-1194,3.43,Clay,Borewell
1195,598,Farm-1195,7.56,Loamy,Canal
1196,598,Farm-1196,7.85,Loamy,Drip
1197,599,Farm-1197,8.11,Loamy,Rain-fed
1198,599,Farm-1198,3.54,Black,Sprinkler
1199,600,Farm-1199,11.52,Black,Rain-fed
1200,600,Farm-1200,11.24,Loamy,Rain-fed
1201,601,Farm-1201,7.88,Red,Canal
1202,601,Farm-1202,9.59,Sandy,Drip
1203,602,Farm-1203,9.41,Black,Borewell
1204,602,Farm-1204,6.36,Clay,Drip
1205,603,Farm-1205,8.6,Sandy,Rain-fed
1206,603,Farm-1206,9.81,Red,Sprinkler
1207,604,Farm-1207,6.46,Black,Borewell
1208,604,Farm-1208,9.1,Loamy,Rain-fed
1209,605,Farm-1209,10.57,Clay,Borewell
1210,605,Farm-1210,10.66,Clay,Canal
1211,606,Farm-1211,7.56,Red,Rain-fed
1212,606,Farm-1212,5.53,Clay,Borewell
1213,607,Farm-1213,4.53,Sandy,Borewell
1214,607,Farm-1214,1.97,Clay,Sprinkler
1215,608,Farm-1215,5.93,Clay,Borewell
1216,608,Farm-1216,8.38,Clay,Drip
1217,609,Farm-1217,9.93,Red,Drip
1218,609,Farm-1218,1.99,Clay,Borewell
1219,610,Farm-1219,7.62,Clay,Drip
1220,610,Farm-1220,7.85,Sandy,Canal
1221,611,Farm-1221,1.84,Loamy,Rain-fed
1222,611,Farm-1222,3.41,Clay,Canal
1223,612,Farm-1223,2.5,Loamy,Borewell
1224,612,Farm-1224,4.47,Black,Rain-fed
1225,613,Farm-1225,6.57,Sandy,Sprinkler
1226,613,Farm-1226,5.02,Clay,Canal
1227,614,Farm-1227,2.66,Red,Drip
1228,614,Farm-1228,11.99,Loamy,Canal
1229,615,Farm-1229,9.09,Black,Borewell
1230,615,Farm-1230,1.79,Clay,Drip
1231,616,Farm-1231,8.15,Red,Drip
1232,616,Farm-1232,7.6,Sandy,Canal
1233,617,Farm-1233,10.87,Red,Canal
1234,617,Farm-1234,6.63,Loamy,Rain-fed
1235,618,Farm-1235,1.56,Clay,Canal
1236,618,Farm-1236,3.81,Sandy,Drip
1237,619,Farm-1237,11.33,Loamy,Sprinkler
1238,619,Farm-1238,3.3,Loamy,Canal
1239,620,Farm-1239,5.77,Clay,Sprinkler
1240,620,Farm-1240,4.12,Loamy,Rain-fed
1241,621,Farm-1241,11.14,Sandy,Sprinkler
1242,621,Farm-1242,7.56,Black,Canal
1243,622,Farm-1243,8.56,Loamy,Borewell
1244,622,Farm-1244,1.59,Black,Rain-fed
1245,623,Farm-1245,2.3,Black,Borewell
1246,623,Farm-1246,4.1,Clay,Rain-fed
1247,624,Farm-1247,7.11,Clay,Rain-fed
1248,624,Farm-1248,8.21,Clay,Rain-fed
1249,625,Farm-1249,9.38,Loamy,Canal
1250,625,Farm-1250,5.38,Black,Borewell
1251,626,Farm-1251,10.24,Black,Rain-fed
1252,626,Farm-1252,5.57,Red,Canal
1253,627,Farm-1253,3.01,Red,Borewell
1254,627,Farm-1254,7.12,Black,Borewell
1255,628,Farm-1255,4.57,Clay,Sprinkler
1256,628,Farm-1256,8.56,Loamy,Sprinkler
1257,629,Farm-1257,2.38,Clay,Sprinkler
1258,629,Farm-1258,2.85,Clay,Sprinkler
1259,630,Farm-1259,10.9,Sandy,Sprinkler
1260,630,Farm-1260,5.49,Sandy,Borewell
1261,631,Farm-1261,6.01,Clay,Sprinkler
1262,631,Farm-1262,9.78,Red,Borewell
1263,632,Farm-1263,11.01,Black,Drip
1264,632,Farm-1264,9.24,Sandy,Canal
1265,633,Farm-1265,11.14,Clay,Rain-fed
1266,633,Farm-1266,2.29,Black,Drip
1267,634,Farm-1267,5.26,Red,Canal
1268,634,Farm-1268,5.91,Sandy,Canal
1269,635,Farm-1269,11.84,Sandy,Canal
1270,635,Farm-1270,7.21,Clay,Canal
1271,636,Farm-1271,8.89,Black,Drip
1272,636,Farm-1272,9.3,Red,Canal
1273,637,Farm-1273,2.82,Black,Rain-fed
1274,637,Farm-1274,8.53,Sandy,Rain-fed
1275,638,Farm-1275,8.66,Clay,Borewell
1276,638,Farm-1276,5.1,Loamy,Sprinkler
1277,639,Farm-1277,1.85,Red,Drip
1278,639,Farm-1278,7.04,Sandy,Canal
1279,640,Farm-1279,4.67,Clay,Drip
1280,640,Farm-1280,5.8,Clay,Drip
1281,641,Farm-1281,7.94,Loamy,Drip
1282,641,Farm-1282,9.39,Sandy,Borewell
1283,642,Farm-1283,5.3,Loamy,Borewell
1284,642,Farm-1284,6.24,Sandy,Drip
1285,643,Farm-1285,9.91,Red,Canal
1286,643,Farm-1286,7.48,Sandy,Borewell
1287,644,Farm-1287,10.92,Clay,Canal
1288,644,Farm-1288,7.81,Red,Sprinkler
1289,645,Farm-1289,5.43,Red,Canal
1290,645,Farm-1290,5.65,Red,Sprinkler
1291,646,Farm-1291,3.17,Black,Drip
1292,646,Farm-1292,1.84,Black,Sprinkler
1293,647,Farm-1293,6.73,Sandy,Borewell
1294,647,Farm-1294,3.14,Black,Borewell
1295,648,Farm-1295,9.73,Sandy,Drip
1296,648,Farm-1296,8.71,Red,Drip
1297,649,Farm-1297,5.31,Clay,Borewell
1298,649,Farm-1298,1.61,Black,Rain-fed
1299,650,Farm-1299,3.06,Sandy,Borewell
1300,650,Farm-1300,4.34,Clay,Sprinkler
1301,651,Farm-1301,1.8,Red,Sprinkler
1302,651,Farm-1302,9.61,Clay,Drip
1303,652,Farm-1303,11.11,Black,Drip
1304,652,Farm-1304,2.6,Sandy,Canal
1305,653,Farm-1305,5.05,Sandy,Rain-fed
1306,653,Farm-1306,2.34,Clay,Borewell
1307,654,Farm-1307,5.69,Red,Borewell
1308,654,Farm-1308,8.86,Red,Drip
1309,655,Farm-1309,9.39,Sandy,Drip
1310,655,Farm-1310,9.2,Clay,Drip
1311,656,Farm-1311,9.07,Loamy,Sprinkler
1312,656,Farm-1312,9.09,Black,Borewell
1313,657,Farm-1313,1.95,Black,Sprinkler
1314,657,Farm-1314,6.04,Sandy,Sprinkler
1315,658,Farm-1315,9.86,Red,Drip
1316,658,Farm-1316,10.89,Loamy,Rain-fed
1317,659,Farm-1317,6.73,Loamy,Drip
1318,659,Farm-1318,2.94,Clay,Canal
1319,660,Farm-1319,9.84,Sandy,Rain-fed
1320,660,Farm-1320,5.35,Sandy,Canal
1321,661,Farm-1321,6.21,Clay,Drip
1322,661,Farm-1322,7.09,Black,Drip
1323,662,Farm-1323,2.19,Loamy,Rain-fed
1324,662,Farm-1324,4.79,Red,Canal
1325,663,Farm-1325,11.61,Loamy,Rain-fed
1326,663,Farm-1326,4.88,Red,Rain-fed
1327,664,Farm-1327,4.06,Black,Borewell
1328,664,Farm-1328,6.92,Black,Canal
1329,665,Farm-1329,3.78,Sandy,Canal
1330,665,Farm-1330,7.52,Red,Rain-fed
1331,666,Farm-1331,7.79,Red,Rain-fed
1332,666,Farm-1332,2.09,Sandy,Canal
1333,667,Farm-1333,11.46,Black,Sprinkler
1334,667,Farm-1334,3.13,Clay,Rain-fed
1335,668,Farm-1335,1.88,Clay,Drip
1336,668,Farm-1336,5.71,Sandy,Canal
1337,669,Farm-1337,2.66,Sandy,Sprinkler
1338,669,Farm-1338,3.35,Black,Rain-fed
1339,670,Farm-1339,5.44,Red,Borewell
1340,670,Farm-1340,8.79,Black,Sprinkler
1341,671,Farm-1341,5.81,Loamy,Rain-fed
1342,671,Farm-1342,3.89,Sandy,Drip
1343,672,Farm-1343,1.61,Black,Borewell
1344,672,Farm-1344,1.52,Red,Rain-fed
1345,673,Farm-1345,7.16,Black,Canal
1346,673,Farm-1346,3.01,Loamy,Canal
1347,674,Farm-1347,3.92,Loamy,Canal
1348,674,Farm-1348,9.88,Sandy,Drip
1349,675,Farm-1349,5.5,Loamy,Sprinkler
1350,675,Farm-1350,9.85,Black,Drip
1351,676,Farm-1351,1.81,Sandy,Sprinkler
1352,676,Farm-1352,5.28,Black,Borewell
1353,677,Farm-1353,8.59,Sandy,Drip
1354,677,Farm-1354,11.05,Loamy,Rain-fed
1355,678,Farm-1355,4.78,Red,Borewell
1356,678,Farm-1356,9.66,Clay,Sprinkler
1357,679,Farm-1357,6.23,Clay,Sprinkler
1358,679,Farm-1358,6.41,Red,Sprinkler
1359,680,Farm-1359,6.78,Red,Rain-fed
1360,680,Farm-1360,11.04,Red,Canal
1361,681,Farm-1361,4.77,Loamy,Sprinkler
1362,681,Farm-1362,8.37,Red,Rain-fed
1363,682,Farm-1363,5.88,Clay,Drip
1364,682,Farm-1364,1.26,Red,Rain-fed
1365,683,Farm-1365,4.41,Sandy,Borewell
1366,683,Farm-1366,11.81,Clay,Sprinkler
1367,684,Farm-1367,5.41,Sandy,Rain-fed
1368,684,Farm-1368,1.59,Loamy,Drip
1369,685,Farm-1369,2.15,Black,Borewell
1370,685,Farm-1370,5.2,Red,Sprinkler
1371,686,Farm-1371,5.84,Red,Canal
1372,686,Farm-1372,1.14,Red,Canal
1373,687,Farm-1373,11.34,Clay,Sprinkler
1374,687,Farm-1374,1.04,Red,Sprinkler
1375,688,Farm-1375,2.11,Sandy,Canal
1376,688,Farm-1376,7.87,Black,Borewell
1377,689,Farm-1377,4.91,Red,Rain-fed
1378,689,Farm-1378,10.76,Clay,Rain-fed
1379,690,Farm-1379,3.94,Loamy,Sprinkler
1380,690,Farm-1380,3.41,Black,Rain-fed
1381,691,Farm-1381,9.28,Clay,Canal
1382,691,Farm-1382,10.1,Loamy,Canal
1383,692,Farm-1383,3.32,Black,Sprinkler
1384,692,Farm-1384,1.46,Black,Sprinkler
1385,693,Farm-1385,8.46,Red,Rain-fed
1386,693,Farm-1386,5.04,Loamy,Borewell
1387,694,Farm-1387,8.62,Red,Sprinkler
1388,694,Farm-1388,2.86,Sandy,Sprinkler
1389,695,Farm-1389,6.75,Black,Drip
1390,695,Farm-1390,5.72,Red,Sprinkler
1391,696,Farm-1391,11.94,Black,Borewell
1392,696,Farm-1392,11.48,Sandy,Rain-fed
1393,697,Farm-1393,4.75,Sandy,Canal
1394,697,Farm-1394,11.24,Loamy,Drip
1395,698,Farm-1395,7.23,Sandy,Drip
1396,698,Farm-1396,2.54,Clay,Sprinkler
1397,699,Farm-1397,5.78,Loamy,Borewell
1398,699,Farm-1398,8.79,Black,Borewell
1399,700,Farm-1399,9.5,Clay,Canal
1400,700,Farm-1400,5.23,Clay,Rain-fed
1401,701,Farm-1401,8.38,Red,Borewell
1402,701,Farm-1402,6.51,Clay,Sprinkler
1403,702,Farm-1403,10.78,Black,Borewell
1404,702,Farm-1404,7.95,Red,Drip
1405,703,Farm-1405,1.23,Red,Sprinkler
1406,703,Farm-1406,5.76,Sandy,Sprinkler
1407,704,Farm-1407,4.26,Red,Rain-fed
1408,704,Farm-1408,1.02,Loamy,Canal
1409,705,Farm-1409,5.9,Red,Rain-fed
1410,705,Farm-1410,7.92,Black,Canal
1411,706,Farm-1411,11.21,Clay,Rain-fed
1412,706,Farm-1412,10.85,Clay,Rain-fed
1413,707,Farm-1413,4.54,Red,Canal
1414,707,Farm-1414,7.31,Loamy,Sprinkler
1415,708,Farm-1415,8.03,Red,Canal
1416,708,Farm-1416,11.97,Clay,Rain-fed
1417,709,Farm-1417,4.19,Loamy,Canal
1418,709,Farm-1418,8.43,Black,Sprinkler
1419,710,Farm-1419,11.97,Red,Drip
1420,710,Farm-1420,9.76,Clay,Borewell
1421,711,Farm-1421,1.59,Red,Borewell
1422,711,Farm-1422,6.68,Clay,Canal
1423,712,Farm-1423,6.87,Black,Sprinkler
1424,712,Farm-1424,6.45,Red,Borewell
1425,713,Farm-1425,3.06,Clay,Rain-fed
1426,713,Farm-1426,8.19,Clay,Drip
1427,714,Farm-1427,5.46,Red,Drip
1428,714,Farm-1428,10.19,Red,Borewell
1429,715,Farm-1429,5.71,Loamy,Canal
1430,715,Farm-1430,10.34,Loamy,Drip
1431,716,Farm-1431,10.69,Clay,Borewell
1432,716,Farm-1432,4.19,Clay,Borewell
1433,717,Farm-1433,11.71,Black,Drip
1434,717,Farm-1434,10.46,Sandy,Rain-fed
1435,718,Farm-1435,2.84,Clay,Drip
1436,718,Farm-1436,5.5,Red,Canal
1437,719,Farm-1437,6.14,Loamy,Sprinkler
1438,719,Farm-1438,4.65,Loamy,Drip
1439,720,Farm-1439,3.92,Sandy,Rain-fed
1440,720,Farm-1440,3.65,Red,Canal
1441,721,Farm-1441,3.2,Clay,Drip
1442,721,Farm-1442,3.43,Clay,Borewell
1443,722,Farm-1443,7.94,Loamy,Sprinkler
1444,722,Farm-1444,7.02,Clay,Rain-fed
1445,723,Farm-1445,8.21,Sandy,Drip
1446,723,Farm-1446,4.2,Clay,Rain-fed
1447,724,Farm-1447,8.74,Sandy,Canal
1448,724,Farm-1448,6.01,Red,Canal
1449,725,Farm-1449,2.54,Black,Borewell
1450,725,Farm-1450,5.8,Loamy,Rain-fed
1451,726,Farm-1451,2.91,Red,Sprinkler
1452,726,Farm-1452,3.75,Loamy,Drip
1453,727,Farm-1453,4.12,Loamy,Sprinkler
1454,727,Farm-1454,8.97,Black,Borewell
1455,728,Farm-1455,5.5,Red,Drip
1456,728,Farm-1456,4.54,Black,Sprinkler
1457,729,Farm-1457,2.75,Clay,Rain-fed
1458,729,Farm-1458,6.76,Sandy,Borewell
1459,730,Farm-1459,11.86,Black,Borewell
1460,730,Farm-1460,5.42,Clay,Rain-fed
1461,731,Farm-1461,5.53,Black,Sprinkler
1462,731,Farm-1462,11.18,Sandy,Rain-fed
1463,732,Farm-1463,10.86,Clay,Borewell
1464,732,Farm-1464,5.75,Loamy,Drip
1465,733,Farm-1465,9.93,Red,Borewell
1466,733,Farm-1466,5.88,Loamy,Sprinkler
1467,734,Farm-1467,11.6,Clay,Sprinkler
1468,734,Farm-1468,6.74,Clay,Sprinkler
1469,735,Farm-1469,2.47,Black,Rain-fed
1470,735,Farm-1470,4.67,Sandy,Rain-fed
1471,736,Farm-1471,8.99,Sandy,Borewell
1472,736,Farm-1472,8.67,Red,Drip
1473,737,Farm-1473,2.63,Black,Rain-fed
1474,737,Farm-1474,4.58,Clay,Rain-fed
1475,738,Farm-1475,9.46,Sandy,Rain-fed
1476,738,Farm-1476,3.19,Clay,Canal
1477,739,Farm-1477,7.1,Sandy,Borewell
1478,739,Farm-1478,1.45,Red,Borewell
1479,740,Farm-1479,5.72,Black,Drip
1480,740,Farm-1480,5.49,Black,Borewell
1481,741,Farm-1481,5.77,Loamy,Rain-fed
1482,741,Farm-1482,7.9,Sandy,Canal
1483,742,Farm-1483,9.24,Sandy,Sprinkler
1484,742,Farm-1484,9.16,Red,Borewell
1485,743,Farm-1485,3.54,Red,Borewell
1486,743,Farm-1486,8.22,Sandy,Canal
1487,744,Farm-1487,8.98,Loamy,Drip
1488,744,Farm-1488,3.8,Black,Sprinkler
1489,745,Farm-1489,7.55,Clay,Canal
1490,745,Farm-1490,10.24,Sandy,Borewell
1491,746,Farm-1491,3.69,Black,Borewell
1492,746,Farm-1492,3.02,Sandy,Drip
1493,747,Farm-1493,5.52,Loamy,Drip
1494,747,Farm-1494,10.24,Black,Rain-fed
1495,748,Farm-1495,1.97,Black,Sprinkler
1496,748,Farm-1496,8.57,Loamy,Drip
1497,749,Farm-1497,5.7,Loamy,Sprinkler
1498,749,Farm-1498,3.6,Loamy,Drip
1499,750,Farm-1499,1.15,Sandy,Borewell
1500,750,Farm-1500,2.74,Sandy,Rain-fed
1501,751,Farm-1501,3.36,Loamy,Borewell
1502,751,Farm-1502,10.49,Clay,Borewell
1503,752,Farm-1503,8.48,Loamy,Sprinkler
1504,752,Farm-1504,5.78,Loamy,Borewell
1505,753,Farm-1505,4.79,Loamy,Borewell
1506,753,Farm-1506,3.68,Red,Rain-fed
1507,754,Farm-1507,2.59,Loamy,Canal
1508,754,Farm-1508,9.05,Clay,Rain-fed
1509,755,Farm-1509,7.73,Red,Rain-fed
1510,755,Farm-1510,3.85,Red,Rain-fed
1511,756,Farm-1511,3.34,Clay,Canal
1512,756,Farm-1512,10.51,Black,Sprinkler
1513,757,Farm-1513,11.61,Red,Sprinkler
1514,757,Farm-1514,5.39,Loamy,Drip
1515,758,Farm-1515,1.78,Black,Rain-fed
1516,758,Farm-1516,11.06,Loamy,Drip
1517,759,Farm-1517,1.58,Loamy,Rain-fed
1518,759,Farm-1518,8.16,Sandy,Borewell
1519,760,Farm-1519,5.06,Clay,Drip
1520,760,Farm-1520,6.9,Red,Rain-fed
1521,761,Farm-1521,1.6,Loamy,Drip
1522,761,Farm-1522,8.24,Loamy,Borewell
1523,762,Farm-1523,5.81,Red,Canal
1524,762,Farm-1524,3.26,Loamy,Sprinkler
1525,763,Farm-1525,8.66,Black,Canal
1526,763,Farm-1526,7.19,Black,Sprinkler
1527,764,Farm-1527,5.53,Clay,Rain-fed
1528,764,Farm-1528,5.76,Loamy,Canal
1529,765,Farm-1529,10.61,Loamy,Sprinkler
1530,765,Farm-1530,3.52,Loamy,Borewell
1531,766,Farm-1531,6.14,Loamy,Canal
1532,766,Farm-1532,3.05,Sandy,Rain-fed
1533,767,Farm-1533,5.64,Red,Sprinkler
1534,767,Farm-1534,2.03,Black,Drip
1535,768,Farm-1535,4.14,Clay,Drip
1536,768,Farm-1536,10.52,Loamy,Sprinkler
1537,769,Farm-1537,3.94,Sandy,Canal
1538,769,Farm-1538,6.67,Sandy,Canal
1539,770,Farm-1539,3.33,Black,Sprinkler
1540,770,Farm-1540,2.9,Red,Sprinkler
1541,771,Farm-1541,5.62,Loamy,Rain-fed
1542,771,Farm-1542,7.28,Black,Canal
1543,772,Farm-1543,1.92,Sandy,Rain-fed
1544,772,Farm-1544,3.99,Loamy,Rain-fed
1545,773,Farm-1545,11.08,Black,Borewell
1546,773,Farm-1546,7.44,Loamy,Rain-fed
1547,774,Farm-1547,11.5,Clay,Sprinkler
1548,774,Farm-1548,8.49,Clay,Borewell
1549,775,Farm-1549,8.88,Clay,Rain-fed
1550,775,Farm-1550,5.56,Loamy,Borewell
1551,776,Farm-1551,6.45,Black,Sprinkler
1552,776,Farm-1552,7.69,Red,Canal
1553,777,Farm-1553,2.29,Sandy,Borewell
1554,777,Farm-1554,7.5,Black,Borewell
1555,778,Farm-1555,4.35,Loamy,Borewell
1556,778,Farm-1556,6.29,Red,Borewell
1557,779,Farm-1557,6.7,Black,Sprinkler
1558,779,Farm-1558,8.6,Sandy,Rain-fed
1559,780,Farm-1559,7.79,Red,Drip
1560,780,Farm-1560,6.55,Red,Borewell
1561,781,Farm-1561,3.1,Loamy,Borewell
1562,781,Farm-1562,4.6,Black,Borewell
1563,782,Farm-1563,6.94,Loamy,Rain-fed
1564,782,Farm-1564,1.62,Loamy,Drip
1565,783,Farm-1565,7.54,Red,Borewell
1566,783,Farm-1566,2.97,Loamy,Canal
1567,784,Farm-1567,4.79,Black,Rain-fed
1568,784,Farm-1568,7.49,Black,Sprinkler
1569,785,Farm-1569,7.37,Sandy,Borewell
1570,785,Farm-1570,4.95,Red,Sprinkler
1571,786,Farm-1571,6.17,Clay,Drip
1572,786,Farm-1572,5.87,Clay,Sprinkler
1573,787,Farm-1573,8.02,Clay,Borewell
1574,787,Farm-1574,6.82,Sandy,Canal
1575,788,Farm-1575,8.21,Clay,Canal
1576,788,Farm-1576,1.5,Black,Borewell
1577,789,Farm-1577,1.96,Loamy,Rain-fed
1578,789,Farm-1578,6.22,Clay,Sprinkler
1579,790,Farm-1579,10.39,Red,Canal
1580,790,Farm-1580,10.94,Clay,Canal
1581,791,Farm-1581,11.02,Red,Borewell
1582,791,Farm-1582,11.05,Black,Drip
1583,792,Farm-1583,11.51,Clay,Sprinkler
1584,792,Farm-1584,2.46,Sandy,Drip
1585,793,Farm-1585,11.89,Red,Borewell
1586,793,Farm-1586,4.77,Red,Sprinkler
1587,794,Farm-1587,5.93,Loamy,Sprinkler
1588,794,Farm-1588,4.02,Black,Sprinkler
1589,795,Farm-1589,2.93,Clay,Borewell
1590,795,Farm-1590,5.77,Black,Canal
1591,796,Farm-1591,6.93,Sandy,Rain-fed
1592,796,Farm-1592,11.54,Clay,Sprinkler
1593,797,Farm-1593,7.4,Red,Borewell
1594,797,Farm-1594,5.05,Black,Sprinkler
1595,798,Farm-1595,4.15,Clay,Sprinkler
1596,798,Farm-1596,3.01,Black,Drip
1597,799,Farm-1597,11.5,Red,Sprinkler
1598,799,Farm-1598,11.25,Black,Borewell
1599,800,Farm-1599,1.03,Clay,Borewell
1600,800,Farm-1600,7.07,Clay,Drip
1601,801,Farm-1601,7.13,Clay,Drip
1602,802,Farm-1602,6.16,Sandy,Canal
1603,803,Farm-1603,6.94,Loamy,Rain-fed
1604,804,Farm-1604,10.22,Loamy,Canal
1605,805,Farm-1605,11.25,Red,Sprinkler
1606,806,Farm-1606,1.91,Loamy,Rain-fed
1607,807,Farm-1607,9.33,Clay,Drip
1608,808,Farm-1608,8.51,Black,Rain-fed
1609,809,Farm-1609,11.17,Loamy,Sprinkler
1610,810,Farm-1610,4.66,Red,Canal
1611,811,Farm-1611,9.5,Loamy,Borewell
1612,812,Farm-1612,11.25,Black,Sprinkler
1613,813,Farm-1613,6.87,Red,Drip
1614,814,Farm-1614,11.7,Sandy,Rain-fed
1615,815,Farm-1615,4.72,Black,Sprinkler
1616,816,Farm-1616,8.48,Loamy,Rain-fed
1617,817,Farm-1617,1.77,Red,Sprinkler
1618,818,Farm-1618,5.08,Sandy,Canal
1619,819,Farm-1619,1.79,Clay,Drip
1620,820,Farm-1620,4.62,Black,Sprinkler
1621,821,Farm-1621,1.7,Sandy,Rain-fed
1622,822,Farm-1622,9.51,Red,Borewell
1623,823,Farm-1623,11.79,Sandy,Rain-fed
1624,824,Farm-1624,1.13,Red,Borewell
1625,825,Farm-1625,8.17,Sandy,Sprinkler
1626,826,Farm-1626,2.05,Loamy,Drip
1627,827,Farm-1627,1.98,Black,Canal
1628,828,Farm-1628,1.45,Red,Canal
1629,829,Farm-1629,7.3,Clay,Drip
1630,830,Farm-1630,9.31,Red,Sprinkler
1631,831,Farm-1631,7.86,Red,Sprinkler
1632,832,Farm-1632,8.48,Clay,Borewell
1633,833,Farm-1633,9.53,Loamy,Rain-fed
1634,834,Farm-1634,5.08,Loamy,Sprinkler
1635,835,Farm-1635,1.37,Red,Canal
1636,836,Farm-1636,9.3,Red,Canal
1637,837,Farm-1637,10.35,Black,Rain-fed
1638,838,Farm-1638,4.49,Loamy,Rain-fed
1639,839,Farm-1639,4.51,Clay,Drip
1640,840,Farm-1640,3.37,Clay,Borewell
1641,841,Farm-1641,3.96,Sandy,Drip
1642,842,Farm-1642,10.84,Clay,Drip
1643,843,Farm-1643,3.95,Sandy,Rain-fed
1644,844,Farm-1644,5.4,Clay,Drip
1645,845,Farm-1645,1.62,Loamy,Borewell
1646,846,Farm-1646,7.48,Sandy,Borewell
1647,847,Farm-1647,10,Clay,Sprinkler
1648,848,Farm-1648,4.16,Red,Borewell
1649,849,Farm-1649,7.71,Red,Rain-fed
1650,850,Farm-1650,3.4,Clay,Sprinkler
1651,851,Farm-1651,6.06,Sandy,Borewell
1652,852,Farm-1652,1.77,Red,Sprinkler
1653,853,Farm-1653,6.31,Red,Borewell
1654,854,Farm-1654,3.58,Black,Sprinkler
1655,855,Farm-1655,6.44,Loamy,Borewell
1656,856,Farm-1656,11.37,Black,Drip
1657,857,Farm-1657,8.1,Red,Drip
1658,858,Farm-1658,5.76,Black,Rain-fed
1659,859,Farm-1659,7.18,Clay,Canal
1660,860,Farm-1660,11.95,Loamy,Drip
1661,861,Farm-1661,1.63,Loamy,Rain-fed
1662,862,Farm-1662,1.42,Sandy,Rain-fed
1663,863,Farm-1663,1.24,Clay,Borewell
1664,864,Farm-1664,11.39,Loamy,Canal
1665,865,Farm-1665,9.86,Sandy,Sprinkler
1666,866,Farm-1666,8.77,Red,Sprinkler
1667,867,Farm-1667,4.72,Sandy,Borewell
1668,868,Farm-1668,5.32,Clay,Sprinkler
1669,869,Farm-1669,4.05,Red,Canal
1670,870,Farm-1670,5.4,Black,Rain-fed
1671,871,Farm-1671,2.83,Clay,Drip
1672,872,Farm-1672,5.28,Sandy,Drip
1673,873,Farm-1673,1.95,Black,Rain-fed
1674,874,Farm-1674,10.8,Black,Canal
1675,875,Farm-1675,1.47,Loamy,Borewell
1676,876,Farm-1676,5.13,Loamy,Canal
1677,877,Farm-1677,3.45,Sandy,Borewell
1678,878,Farm-1678,8.32,Clay,Drip
1679,879,Farm-1679,4.42,Sandy,Rain-fed
1680,880,Farm-1680,7.81,Black,Canal
1681,881,Farm-1681,2.75,Black,Sprinkler
1682,882,Farm-1682,3.79,Loamy,Canal
1683,883,Farm-1683,7.92,Loamy,Canal
1684,884,Farm-1684,11.43,Red,Borewell
1685,885,Farm-1685,3.19,Red,Sprinkler
1686,886,Farm-1686,11.42,Red,Borewell
1687,887,Farm-1687,10.99,Red,Borewell
1688,888,Farm-1688,8.26,Red,Canal
1689,889,Farm-1689,11.11,Black,Borewell
1690,890,Farm-1690,4.96,Loamy,Drip
1691,891,Farm-1691,3.82,Loamy,Canal
1692,892,Farm-1692,2.17,Black,Borewell
1693,893,Farm-1693,10.02,Sandy,Drip
1694,894,Farm-1694,9.21,Red,Rain-fed
1695,895,Farm-1695,6.72,Loamy,Sprinkler
1696,896,Farm-1696,3.66,Black,Drip
1697,897,Farm-1697,4.93,Black,Drip
1698,898,Farm-1698,2.8,Red,Borewell
1699,899,Farm-1699,9.6,Loamy,Borewell
1700,900,Farm-1700,3.15,Red,Canal
1701,901,Farm-1701,9.87,Loamy,Rain-fed
1702,902,Farm-1702,9.04,Clay,Borewell
1703,903,Farm-1703,3.68,Sandy,Rain-fed
1704,904,Farm-1704,4.04,Loamy,Borewell
1705,905,Farm-1705,11,Loamy,Canal
1706,906,Farm-1706,1.42,Red,Sprinkler
1707,907,Farm-1707,5.78,Loamy,Rain-fed
1708,908,Farm-1708,8.61,Loamy,Canal
1709,909,Farm-1709,3.22,Red,Borewell
1710,910,Farm-1710,9.11,Clay,Borewell
1711,911,Farm-1711,10.99,Black,Sprinkler
1712,912,Farm-1712,3.65,Red,Sprinkler
1713,913,Farm-1713,9.15,Black,Sprinkler
1714,914,Farm-1714,5.67,Loamy,Borewell
1715,915,Farm-1715,7.65,Black,Borewell
1716,916,Farm-1716,4.1,Red,Borewell
1717,917,Farm-1717,6.1,Sandy,Borewell
1718,918,Farm-1718,10.48,Loamy,Sprinkler
1719,919,Farm-1719,9.2,Sandy,Canal
1720,920,Farm-1720,11.62,Sandy,Borewell
1721,921,Farm-1721,5.39,Loamy,Canal
1722,922,Farm-1722,9.22,Red,Sprinkler
1723,923,Farm-1723,10.86,Black,Rain-fed
1724,924,Farm-1724,1.26,Loamy,Canal
1725,925,Farm-1725,6.82,Clay,Sprinkler
1726,926,Farm-1726,2.04,Black,Rain-fed
1727,927,Farm-1727,7.56,Loamy,Drip
1728,928,Farm-1728,8.42,Sandy,Borewell
1729,929,Farm-1729,11.64,Sandy,Rain-fed
1730,930,Farm-1730,4.9,Clay,Borewell
1731,931,Farm-1731,1.98,Clay,Rain-fed
1732,932,Farm-1732,2.68,Loamy,Rain-fed
1733,933,Farm-1733,8.18,Loamy,Rain-fed
1734,934,Farm-1734,10.62,Red,Borewell
1735,935,Farm-1735,10.5,Red,Borewell
1736,936,Farm-1736,3.32,Loamy,Sprinkler
1737,937,Farm-1737,8.59,Black,Drip
1738,938,Farm-1738,2.15,Red,Rain-fed
1739,939,Farm-1739,3.78,Red,Rain-fed
1740,940,Farm-1740,7.66,Red,Sprinkler
1741,941,Farm-1741,6.05,Red,Drip
1742,942,Farm-1742,3.48,Loamy,Rain-fed
1743,943,Farm-1743,6.2,Sandy,Canal
1744,944,Farm-1744,11.89,Clay,Drip
1745,945,Farm-1745,7.06,Sandy,Sprinkler
1746,946,Farm-1746,3.85,Clay,Borewell
1747,947,Farm-1747,5.45,Red,Borewell
1748,948,Farm-1748,1.87,Loamy,Borewell
1749,949,Farm-1749,4.77,Loamy,Borewell
1750,950,Farm-1750,11.74,Red,Sprinkler
1751,951,Farm-1751,5.67,Sandy,Sprinkler
1752,952,Farm-1752,8.36,Red,Rain-fed
1753,953,Farm-1753,7.72,Red,Borewell
1754,954,Farm-1754,5.91,Clay,Rain-fed
1755,955,Farm-1755,5.36,Sandy,Drip
1756,956,Farm-1756,1.87,Sandy,Borewell
1757,957,Farm-1757,11.91,Red,Borewell
1758,958,Farm-1758,5.64,Loamy,Drip
1759,959,Farm-1759,1.09,Sandy,Borewell
1760,960,Farm-1760,5.21,Red,Rain-fed
1761,961,Farm-1761,4.77,Loamy,Canal
1762,962,Farm-1762,9.71,Clay,Sprinkler
1763,963,Farm-1763,5.4,Red,Rain-fed
1764,964,Farm-1764,1.1,Sandy,Borewell
1765,965,Farm-1765,4.1,Black,Rain-fed
1766,966,Farm-1766,10.94,Black,Sprinkler
1767,967,Farm-1767,2.21,Clay,Canal
1768,968,Farm-1768,9.84,Sandy,Drip
1769,969,Farm-1769,5.33,Black,Canal
1770,970,Farm-1770,6.57,Clay,Sprinkler
1771,971,Farm-1771,6.67,Red,Borewell
1772,972,Farm-1772,3.48,Clay,Rain-fed
1773,973,Farm-1773,1.99,Sandy,Sprinkler
1774,974,Farm-1774,9.39,Black,Sprinkler
1775,975,Farm-1775,4.85,Loamy,Sprinkler
1776,976,Farm-1776,10.61,Red,Borewell
1777,977,Farm-1777,1.5,Sandy,Drip
1778,978,Farm-1778,11.53,Sandy,Borewell
1779,979,Farm-1779,10.23,Black,Borewell
1780,980,Farm-1780,10.13,Clay,Canal
1781,981,Farm-1781,5.15,Loamy,Borewell
1782,982,Farm-1782,8.43,Clay,Canal
1783,983,Farm-1783,11.78,Black,Sprinkler
1784,984,Farm-1784,10.99,Clay,Drip
1785,985,Farm-1785,1.97,Red,Rain-fed
1786,986,Farm-1786,8.3,Red,Rain-fed
1787,987,Farm-1787,3.46,Loamy,Borewell
1788,988,Farm-1788,9.48,Sandy,Rain-fed
1789,989,Farm-1789,1.2,Black,Drip
1790,990,Farm-1790,11.38,Black,Drip
1791,991,Farm-1791,4.18,Red,Borewell
1792,992,Farm-1792,10.75,Red,Rain-fed
1793,993,Farm-1793,4.34,Sandy,Canal
1794,994,Farm-1794,8.28,Black,Rain-fed
1795,995,Farm-1795,2.55,Clay,Borewell
1796,996,Farm-1796,10.39,Loamy,Sprinkler
1797,997,Farm-1797,1.6,Clay,Drip
1798,998,Farm-1798,1.87,Black,Borewell
1799,999,Farm-1799,7.37,Black,Sprinkler
1800,1000,Farm-1800,9.98,Black,Sprinkler
